asset_id,label,category,url,zip_bytes
Asphalt001,asphalt,Asphalt,https://ambientcg.com/get?file=Asphalt001_1K-JPG.zip,5076861
Asphalt002,asphalt,Asphalt,https://ambientcg.com/get?file=Asphalt002_1K-JPG.zip,6932805
Asphalt003,asphalt,Asphalt,https://ambientcg.com/get?file=Asphalt003_1K-JPG.zip,6361152
Asphalt004,asphalt,Asphalt,https://ambientcg.com/get?file=Asphalt004_1K-JPG.zip,9043974
Asphalt005,asphalt,Asphalt,https://ambientcg.com/get?file=Asphalt005_1K-JPG.zip,9822551
Asphalt006,asphalt,Asphalt,https://ambientcg.com/get?file=Asphalt006_1K-JPG.zip,10403020
Asphalt007,asphalt,Asphalt,https://ambientcg.com/get?file=Asphalt007_1K-JPG.zip,8573876
Asphalt008,asphalt,Asphalt,https://ambientcg.com/get?file=Asphalt008_1K-JPG.zip,9675376
Asphalt009,asphalt,Asphalt,https://ambientcg.com/get?file=Asphalt009_1K-JPG.zip,8120200
Asphalt010,asphalt,Asphalt,https://ambientcg.com/get?file=Asphalt010_1K-JPG.zip,8410675
Asphalt011,asphalt,Asphalt,https://ambientcg.com/get?file=Asphalt011_1K-JPG.zip,8832413
Asphalt012,asphalt,Asphalt,https://ambientcg.com/get?file=Asphalt012_1K-JPG.zip,8507722
Asphalt013,asphalt,Asphalt,https://ambientcg.com/get?file=Asphalt013_1K-JPG.zip,8653263
Asphalt014,asphalt,Asphalt,https://ambientcg.com/get?file=Asphalt014_1K-JPG.zip,8948629
Asphalt015,asphalt,Asphalt,https://ambientcg.com/get?file=Asphalt015_1K-JPG.zip,8574862
Asphalt016,asphalt,Asphalt,https://ambientcg.com/get?file=Asphalt016_1K-JPG.zip,8381858
Asphalt017,asphalt,Asphalt,https://ambientcg.com/get?file=Asphalt017_1K-JPG.zip,8175807
Asphalt018,asphalt,Asphalt,https://ambientcg.com/get?file=Asphalt018_1K-JPG.zip,8399853
Asphalt019,asphalt,Asphalt,https://ambientcg.com/get?file=Asphalt019_1K-JPG.zip,7885868
Asphalt020L,asphalt,Asphalt,https://ambientcg.com/get?file=Asphalt020L_1K-JPG.zip,10177908
Asphalt020S,asphalt,Asphalt,https://ambientcg.com/get?file=Asphalt020S_1K-JPG.zip,10155188
Asphalt021,asphalt,Asphalt,https://ambientcg.com/get?file=Asphalt021_1K-JPG.zip,9424881
Asphalt022,asphalt,Asphalt,https://ambientcg.com/get?file=Asphalt022_1K-JPG.zip,9437016
Asphalt023L,asphalt,Asphalt,https://ambientcg.com/get?file=Asphalt023L_1K-JPG.zip,9205158
Asphalt023S,asphalt,Asphalt,https://ambientcg.com/get?file=Asphalt023S_1K-JPG.zip,9459001
Asphalt024A,asphalt,Asphalt,https://ambientcg.com/get?file=Asphalt024A_1K-JPG.zip,9282648
Asphalt024B,asphalt,Asphalt,https://ambientcg.com/get?file=Asphalt024B_1K-JPG.zip,9126984
Asphalt024C,asphalt,Asphalt,https://ambientcg.com/get?file=Asphalt024C_1K-JPG.zip,8814753
Asphalt025A,asphalt,Asphalt,https://ambientcg.com/get?file=Asphalt025A_1K-JPG.zip,8502228
Asphalt025B,asphalt,Asphalt,https://ambientcg.com/get?file=Asphalt025B_1K-JPG.zip,8487525
Asphalt025C,asphalt,Asphalt,https://ambientcg.com/get?file=Asphalt025C_1K-JPG.zip,8424697
Asphalt026A,asphalt,Asphalt,https://ambientcg.com/get?file=Asphalt026A_1K-JPG.zip,9209342
Asphalt026B,asphalt,Asphalt,https://ambientcg.com/get?file=Asphalt026B_1K-JPG.zip,9100212
Asphalt026C,asphalt,Asphalt,https://ambientcg.com/get?file=Asphalt026C_1K-JPG.zip,9064185
Asphalt027A,asphalt,Asphalt,https://ambientcg.com/get?file=Asphalt027A_1K-JPG.zip,8802258
Asphalt027B,asphalt,Asphalt,https://ambientcg.com/get?file=Asphalt027B_1K-JPG.zip,9008412
Asphalt027C,asphalt,Asphalt,https://ambientcg.com/get?file=Asphalt027C_1K-JPG.zip,9203228
Asphalt028A,asphalt,Asphalt,https://ambientcg.com/get?file=Asphalt028A_1K-JPG.zip,7345386
Asphalt028B,asphalt,Asphalt,https://ambientcg.com/get?file=Asphalt028B_1K-JPG.zip,7495584
Asphalt028C,asphalt,Asphalt,https://ambientcg.com/get?file=Asphalt028C_1K-JPG.zip,7564078
Asphalt029A,asphalt,Asphalt,https://ambientcg.com/get?file=Asphalt029A_1K-JPG.zip,9240391
Asphalt029B,asphalt,Asphalt,https://ambientcg.com/get?file=Asphalt029B_1K-JPG.zip,9221155
Asphalt030,asphalt,Asphalt,https://ambientcg.com/get?file=Asphalt030_1K-JPG.zip,10210655
Asphalt031,asphalt,Asphalt,https://ambientcg.com/get?file=Asphalt031_1K-JPG.zip,8699189
Asphalt032,asphalt,Asphalt,https://ambientcg.com/get?file=Asphalt032_1K-JPG.zip,8207157
Asphalt033,asphalt,Asphalt,https://ambientcg.com/get?file=Asphalt033_1K-JPG.zip,9722569
Bricks001,bricks,Bricks,https://ambientcg.com/get?file=Bricks001_1K-JPG.zip,5019484
Bricks002,bricks,Bricks,https://ambientcg.com/get?file=Bricks002_1K-JPG.zip,6387836
Bricks003,bricks,Bricks,https://ambientcg.com/get?file=Bricks003_1K-JPG.zip,5492392
Bricks004,bricks,Bricks,https://ambientcg.com/get?file=Bricks004_1K-JPG.zip,7049113
Bricks005,bricks,Bricks,https://ambientcg.com/get?file=Bricks005_1K-JPG.zip,7688196
Bricks006,bricks,Bricks,https://ambientcg.com/get?file=Bricks006_1K-JPG.zip,8182707
Bricks007,bricks,Bricks,https://ambientcg.com/get?file=Bricks007_1K-JPG.zip,8667038
Bricks008,bricks,Bricks,https://ambientcg.com/get?file=Bricks008_1K-JPG.zip,7379568
Bricks009,bricks,Bricks,https://ambientcg.com/get?file=Bricks009_1K-JPG.zip,8038422
Bricks010,bricks,Bricks,https://ambientcg.com/get?file=Bricks010_1K-JPG.zip,8582672
Bricks011,bricks,Bricks,https://ambientcg.com/get?file=Bricks011_1K-JPG.zip,8794653
Bricks012,bricks,Bricks,https://ambientcg.com/get?file=Bricks012_1K-JPG.zip,7298310
Bricks013,bricks,Bricks,https://ambientcg.com/get?file=Bricks013_1K-JPG.zip,8436464
Bricks014,bricks,Bricks,https://ambientcg.com/get?file=Bricks014_1K-JPG.zip,8219955
Bricks015,bricks,Bricks,https://ambientcg.com/get?file=Bricks015_1K-JPG.zip,8451848
Bricks016,bricks,Bricks,https://ambientcg.com/get?file=Bricks016_1K-JPG.zip,8096466
Bricks017,bricks,Bricks,https://ambientcg.com/get?file=Bricks017_1K-JPG.zip,7624019
Bricks018,bricks,Bricks,https://ambientcg.com/get?file=Bricks018_1K-JPG.zip,8055697
Bricks019,bricks,Bricks,https://ambientcg.com/get?file=Bricks019_1K-JPG.zip,6905632
Bricks020,bricks,Bricks,https://ambientcg.com/get?file=Bricks020_1K-JPG.zip,6456744
Bricks021,bricks,Bricks,https://ambientcg.com/get?file=Bricks021_1K-JPG.zip,7524189
Bricks022,bricks,Bricks,https://ambientcg.com/get?file=Bricks022_1K-JPG.zip,8994841
Bricks023,bricks,Bricks,https://ambientcg.com/get?file=Bricks023_1K-JPG.zip,9115023
Bricks024,bricks,Bricks,https://ambientcg.com/get?file=Bricks024_1K-JPG.zip,9242989
Bricks025,bricks,Bricks,https://ambientcg.com/get?file=Bricks025_1K-JPG.zip,6385164
Bricks026,bricks,Bricks,https://ambientcg.com/get?file=Bricks026_1K-JPG.zip,9837474
Bricks027,bricks,Bricks,https://ambientcg.com/get?file=Bricks027_1K-JPG.zip,7898124
Bricks028,bricks,Bricks,https://ambientcg.com/get?file=Bricks028_1K-JPG.zip,8800148
Bricks029,bricks,Bricks,https://ambientcg.com/get?file=Bricks029_1K-JPG.zip,7830045
Bricks030,bricks,Bricks,https://ambientcg.com/get?file=Bricks030_1K-JPG.zip,8583591
Bricks031,bricks,Bricks,https://ambientcg.com/get?file=Bricks031_1K-JPG.zip,8708395
Bricks032,bricks,Bricks,https://ambientcg.com/get?file=Bricks032_1K-JPG.zip,8593810
Bricks033,bricks,Bricks,https://ambientcg.com/get?file=Bricks033_1K-JPG.zip,8449886
Bricks034,bricks,Bricks,https://ambientcg.com/get?file=Bricks034_1K-JPG.zip,8242652
Bricks035,bricks,Bricks,https://ambientcg.com/get?file=Bricks035_1K-JPG.zip,8643745
Bricks036,bricks,Bricks,https://ambientcg.com/get?file=Bricks036_1K-JPG.zip,8446762
Bricks037,bricks,Bricks,https://ambientcg.com/get?file=Bricks037_1K-JPG.zip,8109537
Bricks038,bricks,Bricks,https://ambientcg.com/get?file=Bricks038_1K-JPG.zip,8407872
Bricks039,bricks,Bricks,https://ambientcg.com/get?file=Bricks039_1K-JPG.zip,9258106
Bricks040,bricks,Bricks,https://ambientcg.com/get?file=Bricks040_1K-JPG.zip,8760304
Bricks041,bricks,Bricks,https://ambientcg.com/get?file=Bricks041_1K-JPG.zip,9129825
Bricks042,bricks,Bricks,https://ambientcg.com/get?file=Bricks042_1K-JPG.zip,8869109
Bricks043,bricks,Bricks,https://ambientcg.com/get?file=Bricks043_1K-JPG.zip,8717553
Bricks044,bricks,Bricks,https://ambientcg.com/get?file=Bricks044_1K-JPG.zip,8887756
Bricks045,bricks,Bricks,https://ambientcg.com/get?file=Bricks045_1K-JPG.zip,9264605
Bricks046,bricks,Bricks,https://ambientcg.com/get?file=Bricks046_1K-JPG.zip,9004537
Bricks047,bricks,Bricks,https://ambientcg.com/get?file=Bricks047_1K-JPG.zip,8772608
Bricks048,bricks,Bricks,https://ambientcg.com/get?file=Bricks048_1K-JPG.zip,8647818
Bricks049,bricks,Bricks,https://ambientcg.com/get?file=Bricks049_1K-JPG.zip,9122031
Bricks050,bricks,Bricks,https://ambientcg.com/get?file=Bricks050_1K-JPG.zip,9681194
Bricks051,bricks,Bricks,https://ambientcg.com/get?file=Bricks051_1K-JPG.zip,7497159
Bricks052,bricks,Bricks,https://ambientcg.com/get?file=Bricks052_1K-JPG.zip,7927902
Bricks053,bricks,Bricks,https://ambientcg.com/get?file=Bricks053_1K-JPG.zip,8202202
Bricks054,bricks,Bricks,https://ambientcg.com/get?file=Bricks054_1K-JPG.zip,8173230
Bricks055,bricks,Bricks,https://ambientcg.com/get?file=Bricks055_1K-JPG.zip,8176103
Bricks056,bricks,Bricks,https://ambientcg.com/get?file=Bricks056_1K-JPG.zip,8091310
Bricks057,bricks,Bricks,https://ambientcg.com/get?file=Bricks057_1K-JPG.zip,8190714
Bricks058,bricks,Bricks,https://ambientcg.com/get?file=Bricks058_1K-JPG.zip,7676582
Bricks059,bricks,Bricks,https://ambientcg.com/get?file=Bricks059_1K-JPG.zip,8271312
Bricks060,bricks,Bricks,https://ambientcg.com/get?file=Bricks060_1K-JPG.zip,7852794
Bricks061,bricks,Bricks,https://ambientcg.com/get?file=Bricks061_1K-JPG.zip,7538582
Bricks062,bricks,Bricks,https://ambientcg.com/get?file=Bricks062_1K-JPG.zip,8123772
Bricks063,bricks,Bricks,https://ambientcg.com/get?file=Bricks063_1K-JPG.zip,7787948
Bricks064,bricks,Bricks,https://ambientcg.com/get?file=Bricks064_1K-JPG.zip,7560779
Bricks065,bricks,Bricks,https://ambientcg.com/get?file=Bricks065_1K-JPG.zip,7898991
Bricks066,bricks,Bricks,https://ambientcg.com/get?file=Bricks066_1K-JPG.zip,7227168
Bricks067,bricks,Bricks,https://ambientcg.com/get?file=Bricks067_1K-JPG.zip,7365967
Bricks068,bricks,Bricks,https://ambientcg.com/get?file=Bricks068_1K-JPG.zip,8139812
Bricks069,bricks,Bricks,https://ambientcg.com/get?file=Bricks069_1K-JPG.zip,8335231
Bricks070,bricks,Bricks,https://ambientcg.com/get?file=Bricks070_1K-JPG.zip,7013682
Bricks071,bricks,Bricks,https://ambientcg.com/get?file=Bricks071_1K-JPG.zip,6896032
Bricks072,bricks,Bricks,https://ambientcg.com/get?file=Bricks072_1K-JPG.zip,3941989
Bricks073A,bricks,Bricks,https://ambientcg.com/get?file=Bricks073A_1K-JPG.zip,9484191
Bricks073B,bricks,Bricks,https://ambientcg.com/get?file=Bricks073B_1K-JPG.zip,9569495
Bricks073C,bricks,Bricks,https://ambientcg.com/get?file=Bricks073C_1K-JPG.zip,9473699
Bricks074,bricks,Bricks,https://ambientcg.com/get?file=Bricks074_1K-JPG.zip,8493136
Bricks075A,bricks,Bricks,https://ambientcg.com/get?file=Bricks075A_1K-JPG.zip,5556532
Bricks075B,bricks,Bricks,https://ambientcg.com/get?file=Bricks075B_1K-JPG.zip,5513135
Bricks076A,bricks,Bricks,https://ambientcg.com/get?file=Bricks076A_1K-JPG.zip,9017482
Bricks076B,bricks,Bricks,https://ambientcg.com/get?file=Bricks076B_1K-JPG.zip,9057370
Bricks076C,bricks,Bricks,https://ambientcg.com/get?file=Bricks076C_1K-JPG.zip,9041171
Bricks077,bricks,Bricks,https://ambientcg.com/get?file=Bricks077_1K-JPG.zip,5254464
Bricks078,bricks,Bricks,https://ambientcg.com/get?file=Bricks078_1K-JPG.zip,5192385
Bricks079,bricks,Bricks,https://ambientcg.com/get?file=Bricks079_1K-JPG.zip,4565453
Bricks080A,bricks,Bricks,https://ambientcg.com/get?file=Bricks080A_1K-JPG.zip,8438053
Bricks080B,bricks,Bricks,https://ambientcg.com/get?file=Bricks080B_1K-JPG.zip,8432634
Bricks080C,bricks,Bricks,https://ambientcg.com/get?file=Bricks080C_1K-JPG.zip,8464547
Bricks081A,bricks,Bricks,https://ambientcg.com/get?file=Bricks081A_1K-JPG.zip,8339967
Bricks081B,bricks,Bricks,https://ambientcg.com/get?file=Bricks081B_1K-JPG.zip,8094077
Bricks081C,bricks,Bricks,https://ambientcg.com/get?file=Bricks081C_1K-JPG.zip,8112899
Bricks082A,bricks,Bricks,https://ambientcg.com/get?file=Bricks082A_1K-JPG.zip,8260622
Bricks082B,bricks,Bricks,https://ambientcg.com/get?file=Bricks082B_1K-JPG.zip,8238360
Bricks082C,bricks,Bricks,https://ambientcg.com/get?file=Bricks082C_1K-JPG.zip,8207518
Bricks083,bricks,Bricks,https://ambientcg.com/get?file=Bricks083_1K-JPG.zip,5237054
Bricks084,bricks,Bricks,https://ambientcg.com/get?file=Bricks084_1K-JPG.zip,5058921
Bricks085,bricks,Bricks,https://ambientcg.com/get?file=Bricks085_1K-JPG.zip,4835502
Bricks086,bricks,Bricks,https://ambientcg.com/get?file=Bricks086_1K-JPG.zip,4651824
Bricks087,bricks,Bricks,https://ambientcg.com/get?file=Bricks087_1K-JPG.zip,8234555
Bricks088,bricks,Bricks,https://ambientcg.com/get?file=Bricks088_1K-JPG.zip,9370839
Bricks089,bricks,Bricks,https://ambientcg.com/get?file=Bricks089_1K-JPG.zip,5317280
Bricks090,bricks,Bricks,https://ambientcg.com/get?file=Bricks090_1K-JPG.zip,7493107
Bricks091,bricks,Bricks,https://ambientcg.com/get?file=Bricks091_1K-JPG.zip,7871169
Bricks092,bricks,Bricks,https://ambientcg.com/get?file=Bricks092_1K-JPG.zip,7153708
Bricks093,bricks,Bricks,https://ambientcg.com/get?file=Bricks093_1K-JPG.zip,4182418
Bricks094,bricks,Bricks,https://ambientcg.com/get?file=Bricks094_1K-JPG.zip,5147642
Bricks095,bricks,Bricks,https://ambientcg.com/get?file=Bricks095_1K-JPG.zip,5174946
Bricks096,bricks,Bricks,https://ambientcg.com/get?file=Bricks096_1K-JPG.zip,4681500
Bricks097,bricks,Bricks,https://ambientcg.com/get?file=Bricks097_1K-JPG.zip,5172084
Bricks098,bricks,Bricks,https://ambientcg.com/get?file=Bricks098_1K-JPG.zip,4875830
Bricks099,bricks,Bricks,https://ambientcg.com/get?file=Bricks099_1K-JPG.zip,8345947
Bricks100,bricks,Bricks,https://ambientcg.com/get?file=Bricks100_1K-JPG.zip,4827385
Bricks101,bricks,Bricks,https://ambientcg.com/get?file=Bricks101_1K-JPG.zip,7820813
Bricks102,bricks,Bricks,https://ambientcg.com/get?file=Bricks102_1K-JPG.zip,4888684
Bricks103,bricks,Bricks,https://ambientcg.com/get?file=Bricks103_1K-JPG.zip,5577368
Bricks104,bricks,Bricks,https://ambientcg.com/get?file=Bricks104_1K-JPG.zip,4252352
Bricks105,bricks,Bricks,https://ambientcg.com/get?file=Bricks105_1K-JPG.zip,4840980
Concrete001,concrete,Concrete,https://ambientcg.com/get?file=Concrete001_1K-JPG.zip,4555947
Concrete002,concrete,Concrete,https://ambientcg.com/get?file=Concrete002_1K-JPG.zip,4165925
Concrete003,concrete,Concrete,https://ambientcg.com/get?file=Concrete003_1K-JPG.zip,8653326
Concrete004,concrete,Concrete,https://ambientcg.com/get?file=Concrete004_1K-JPG.zip,8690128
Concrete005,concrete,Concrete,https://ambientcg.com/get?file=Concrete005_1K-JPG.zip,9465423
Concrete006,concrete,Concrete,https://ambientcg.com/get?file=Concrete006_1K-JPG.zip,7749184
Concrete007,concrete,Concrete,https://ambientcg.com/get?file=Concrete007_1K-JPG.zip,6260770
Concrete008,concrete,Concrete,https://ambientcg.com/get?file=Concrete008_1K-JPG.zip,6262952
Concrete009,concrete,Concrete,https://ambientcg.com/get?file=Concrete009_1K-JPG.zip,6417692
Concrete010,concrete,Concrete,https://ambientcg.com/get?file=Concrete010_1K-JPG.zip,6264260
Concrete011,concrete,Concrete,https://ambientcg.com/get?file=Concrete011_1K-JPG.zip,9592763
Concrete012,concrete,Concrete,https://ambientcg.com/get?file=Concrete012_1K-JPG.zip,8171336
Concrete013,concrete,Concrete,https://ambientcg.com/get?file=Concrete013_1K-JPG.zip,5140371
Concrete014,concrete,Concrete,https://ambientcg.com/get?file=Concrete014_1K-JPG.zip,7610650
Concrete015,concrete,Concrete,https://ambientcg.com/get?file=Concrete015_1K-JPG.zip,7214575
Concrete016,concrete,Concrete,https://ambientcg.com/get?file=Concrete016_1K-JPG.zip,7177049
Concrete017,concrete,Concrete,https://ambientcg.com/get?file=Concrete017_1K-JPG.zip,7612461
Concrete018,concrete,Concrete,https://ambientcg.com/get?file=Concrete018_1K-JPG.zip,8971683
Concrete019,concrete,Concrete,https://ambientcg.com/get?file=Concrete019_1K-JPG.zip,7785335
Concrete020,concrete,Concrete,https://ambientcg.com/get?file=Concrete020_1K-JPG.zip,7716625
Concrete021,concrete,Concrete,https://ambientcg.com/get?file=Concrete021_1K-JPG.zip,8408244
Concrete022,concrete,Concrete,https://ambientcg.com/get?file=Concrete022_1K-JPG.zip,8027968
Concrete023,concrete,Concrete,https://ambientcg.com/get?file=Concrete023_1K-JPG.zip,7944070
Concrete024,concrete,Concrete,https://ambientcg.com/get?file=Concrete024_1K-JPG.zip,7720739
Concrete025,concrete,Concrete,https://ambientcg.com/get?file=Concrete025_1K-JPG.zip,9868579
Concrete026,concrete,Concrete,https://ambientcg.com/get?file=Concrete026_1K-JPG.zip,9963222
Concrete027,concrete,Concrete,https://ambientcg.com/get?file=Concrete027_1K-JPG.zip,7615031
Concrete028,concrete,Concrete,https://ambientcg.com/get?file=Concrete028_1K-JPG.zip,7909909
Concrete029,concrete,Concrete,https://ambientcg.com/get?file=Concrete029_1K-JPG.zip,7729870
Concrete030,concrete,Concrete,https://ambientcg.com/get?file=Concrete030_1K-JPG.zip,7665277
Concrete031,concrete,Concrete,https://ambientcg.com/get?file=Concrete031_1K-JPG.zip,7823020
Concrete032,concrete,Concrete,https://ambientcg.com/get?file=Concrete032_1K-JPG.zip,8488877
Concrete033,concrete,Concrete,https://ambientcg.com/get?file=Concrete033_1K-JPG.zip,8351230
Concrete034,concrete,Concrete,https://ambientcg.com/get?file=Concrete034_1K-JPG.zip,3657575
Concrete035,concrete,Concrete,https://ambientcg.com/get?file=Concrete035_1K-JPG.zip,4299782
Concrete036,concrete,Concrete,https://ambientcg.com/get?file=Concrete036_1K-JPG.zip,6483208
Concrete037,concrete,Concrete,https://ambientcg.com/get?file=Concrete037_1K-JPG.zip,10341837
Concrete038,concrete,Concrete,https://ambientcg.com/get?file=Concrete038_1K-JPG.zip,8596230
Concrete039,concrete,Concrete,https://ambientcg.com/get?file=Concrete039_1K-JPG.zip,8267623
Concrete040,concrete,Concrete,https://ambientcg.com/get?file=Concrete040_1K-JPG.zip,9104196
Concrete041A,concrete,Concrete,https://ambientcg.com/get?file=Concrete041A_1K-JPG.zip,7093770
Concrete041B,concrete,Concrete,https://ambientcg.com/get?file=Concrete041B_1K-JPG.zip,7054163
Concrete041C,concrete,Concrete,https://ambientcg.com/get?file=Concrete041C_1K-JPG.zip,8068516
Concrete041D,concrete,Concrete,https://ambientcg.com/get?file=Concrete041D_1K-JPG.zip,8558384
Concrete042A,concrete,Concrete,https://ambientcg.com/get?file=Concrete042A_1K-JPG.zip,7136271
Concrete042B,concrete,Concrete,https://ambientcg.com/get?file=Concrete042B_1K-JPG.zip,6938426
Concrete042C,concrete,Concrete,https://ambientcg.com/get?file=Concrete042C_1K-JPG.zip,7954740
Concrete042D,concrete,Concrete,https://ambientcg.com/get?file=Concrete042D_1K-JPG.zip,8469554
Concrete043A,concrete,Concrete,https://ambientcg.com/get?file=Concrete043A_1K-JPG.zip,7349906
Concrete043B,concrete,Concrete,https://ambientcg.com/get?file=Concrete043B_1K-JPG.zip,7422491
Concrete043C,concrete,Concrete,https://ambientcg.com/get?file=Concrete043C_1K-JPG.zip,8347340
Concrete043D,concrete,Concrete,https://ambientcg.com/get?file=Concrete043D_1K-JPG.zip,8706869
Concrete044A,concrete,Concrete,https://ambientcg.com/get?file=Concrete044A_1K-JPG.zip,6926257
Concrete044B,concrete,Concrete,https://ambientcg.com/get?file=Concrete044B_1K-JPG.zip,7021262
Concrete044C,concrete,Concrete,https://ambientcg.com/get?file=Concrete044C_1K-JPG.zip,7507006
Concrete044D,concrete,Concrete,https://ambientcg.com/get?file=Concrete044D_1K-JPG.zip,7540334
Concrete045,concrete,Concrete,https://ambientcg.com/get?file=Concrete045_1K-JPG.zip,5618232
Concrete046,concrete,Concrete,https://ambientcg.com/get?file=Concrete046_1K-JPG.zip,5989511
Concrete047A,concrete,Concrete,https://ambientcg.com/get?file=Concrete047A_1K-JPG.zip,8614118
Concrete047B,concrete,Concrete,https://ambientcg.com/get?file=Concrete047B_1K-JPG.zip,8751402
Concrete048,concrete,Concrete,https://ambientcg.com/get?file=Concrete048_1K-JPG.zip,7536748
DiamondPlate001,diamond_plate,Diamond Plate,https://ambientcg.com/get?file=DiamondPlate001_1K-JPG.zip,7513984
DiamondPlate002,diamond_plate,Diamond Plate,https://ambientcg.com/get?file=DiamondPlate002_1K-JPG.zip,8048423
DiamondPlate003,diamond_plate,Diamond Plate,https://ambientcg.com/get?file=DiamondPlate003_1K-JPG.zip,8008231
DiamondPlate004,diamond_plate,Diamond Plate,https://ambientcg.com/get?file=DiamondPlate004_1K-JPG.zip,8756811
DiamondPlate005A,diamond_plate,Diamond Plate,https://ambientcg.com/get?file=DiamondPlate005A_1K-JPG.zip,5452268
DiamondPlate005B,diamond_plate,Diamond Plate,https://ambientcg.com/get?file=DiamondPlate005B_1K-JPG.zip,7022295
DiamondPlate005C,diamond_plate,Diamond Plate,https://ambientcg.com/get?file=DiamondPlate005C_1K-JPG.zip,8266992
DiamondPlate005D,diamond_plate,Diamond Plate,https://ambientcg.com/get?file=DiamondPlate005D_1K-JPG.zip,8016869
DiamondPlate006A,diamond_plate,Diamond Plate,https://ambientcg.com/get?file=DiamondPlate006A_1K-JPG.zip,5809136
DiamondPlate006B,diamond_plate,Diamond Plate,https://ambientcg.com/get?file=DiamondPlate006B_1K-JPG.zip,7825904
DiamondPlate006C,diamond_plate,Diamond Plate,https://ambientcg.com/get?file=DiamondPlate006C_1K-JPG.zip,9257410
DiamondPlate006D,diamond_plate,Diamond Plate,https://ambientcg.com/get?file=DiamondPlate006D_1K-JPG.zip,8429898
DiamondPlate007A,diamond_plate,Diamond Plate,https://ambientcg.com/get?file=DiamondPlate007A_1K-JPG.zip,5744178
DiamondPlate007B,diamond_plate,Diamond Plate,https://ambientcg.com/get?file=DiamondPlate007B_1K-JPG.zip,7792390
DiamondPlate007C,diamond_plate,Diamond Plate,https://ambientcg.com/get?file=DiamondPlate007C_1K-JPG.zip,9065452
DiamondPlate007D,diamond_plate,Diamond Plate,https://ambientcg.com/get?file=DiamondPlate007D_1K-JPG.zip,8501814
DiamondPlate008A,diamond_plate,Diamond Plate,https://ambientcg.com/get?file=DiamondPlate008A_1K-JPG.zip,7824295
DiamondPlate008B,diamond_plate,Diamond Plate,https://ambientcg.com/get?file=DiamondPlate008B_1K-JPG.zip,7725592
DiamondPlate008C,diamond_plate,Diamond Plate,https://ambientcg.com/get?file=DiamondPlate008C_1K-JPG.zip,7925288
DiamondPlate008D,diamond_plate,Diamond Plate,https://ambientcg.com/get?file=DiamondPlate008D_1K-JPG.zip,7976472
DiamondPlate009,diamond_plate,Diamond Plate,https://ambientcg.com/get?file=DiamondPlate009_1K-JPG.zip,9774915
Fabric001,fabric,Fabric,https://ambientcg.com/get?file=Fabric001_1K-JPG.zip,6297718
Fabric002,fabric,Fabric,https://ambientcg.com/get?file=Fabric002_1K-JPG.zip,7984153
Fabric003,fabric,Fabric,https://ambientcg.com/get?file=Fabric003_1K-JPG.zip,5391891
Fabric004,fabric,Fabric,https://ambientcg.com/get?file=Fabric004_1K-JPG.zip,3046393
Fabric005,fabric,Fabric,https://ambientcg.com/get?file=Fabric005_1K-JPG.zip,10386734
Fabric006,fabric,Fabric,https://ambientcg.com/get?file=Fabric006_1K-JPG.zip,11179467
Fabric007,fabric,Fabric,https://ambientcg.com/get?file=Fabric007_1K-JPG.zip,8245416
Fabric008,fabric,Fabric,https://ambientcg.com/get?file=Fabric008_1K-JPG.zip,7958528
Fabric009,fabric,Fabric,https://ambientcg.com/get?file=Fabric009_1K-JPG.zip,7486659
Fabric010,fabric,Fabric,https://ambientcg.com/get?file=Fabric010_1K-JPG.zip,6241161
Fabric011,fabric,Fabric,https://ambientcg.com/get?file=Fabric011_1K-JPG.zip,6531910
Fabric012,fabric,Fabric,https://ambientcg.com/get?file=Fabric012_1K-JPG.zip,7480394
Fabric013,fabric,Fabric,https://ambientcg.com/get?file=Fabric013_1K-JPG.zip,6899653
Fabric014,fabric,Fabric,https://ambientcg.com/get?file=Fabric014_1K-JPG.zip,4865430
Fabric015,fabric,Fabric,https://ambientcg.com/get?file=Fabric015_1K-JPG.zip,5094038
Fabric016,fabric,Fabric,https://ambientcg.com/get?file=Fabric016_1K-JPG.zip,7757533
Fabric017,fabric,Fabric,https://ambientcg.com/get?file=Fabric017_1K-JPG.zip,8522927
Fabric018,fabric,Fabric,https://ambientcg.com/get?file=Fabric018_1K-JPG.zip,6440835
Fabric019,fabric,Fabric,https://ambientcg.com/get?file=Fabric019_1K-JPG.zip,7577528
Fabric020,fabric,Fabric,https://ambientcg.com/get?file=Fabric020_1K-JPG.zip,7731804
Fabric021,fabric,Fabric,https://ambientcg.com/get?file=Fabric021_1K-JPG.zip,6909810
Fabric022,fabric,Fabric,https://ambientcg.com/get?file=Fabric022_1K-JPG.zip,8456497
Fabric023,fabric,Fabric,https://ambientcg.com/get?file=Fabric023_1K-JPG.zip,7945819
Fabric024,fabric,Fabric,https://ambientcg.com/get?file=Fabric024_1K-JPG.zip,8668140
Fabric025,fabric,Fabric,https://ambientcg.com/get?file=Fabric025_1K-JPG.zip,8396830
Fabric026,fabric,Fabric,https://ambientcg.com/get?file=Fabric026_1K-JPG.zip,8021292
Fabric027,fabric,Fabric,https://ambientcg.com/get?file=Fabric027_1K-JPG.zip,8578018
Fabric028,fabric,Fabric,https://ambientcg.com/get?file=Fabric028_1K-JPG.zip,8226697
Fabric029,fabric,Fabric,https://ambientcg.com/get?file=Fabric029_1K-JPG.zip,8197400
Fabric030,fabric,Fabric,https://ambientcg.com/get?file=Fabric030_1K-JPG.zip,11064340
Fabric031,fabric,Fabric,https://ambientcg.com/get?file=Fabric031_1K-JPG.zip,8137817
Fabric032,fabric,Fabric,https://ambientcg.com/get?file=Fabric032_1K-JPG.zip,8884696
Fabric033,fabric,Fabric,https://ambientcg.com/get?file=Fabric033_1K-JPG.zip,9147842
Fabric034,fabric,Fabric,https://ambientcg.com/get?file=Fabric034_1K-JPG.zip,8219829
Fabric035,fabric,Fabric,https://ambientcg.com/get?file=Fabric035_1K-JPG.zip,10488710
Fabric036,fabric,Fabric,https://ambientcg.com/get?file=Fabric036_1K-JPG.zip,9644900
Fabric037,fabric,Fabric,https://ambientcg.com/get?file=Fabric037_1K-JPG.zip,9719664
Fabric038,fabric,Fabric,https://ambientcg.com/get?file=Fabric038_1K-JPG.zip,10713595
Fabric039,fabric,Fabric,https://ambientcg.com/get?file=Fabric039_1K-JPG.zip,8339959
Fabric040,fabric,Fabric,https://ambientcg.com/get?file=Fabric040_1K-JPG.zip,9980925
Fabric041,fabric,Fabric,https://ambientcg.com/get?file=Fabric041_1K-JPG.zip,10515068
Fabric042,fabric,Fabric,https://ambientcg.com/get?file=Fabric042_1K-JPG.zip,10037326
Fabric043,fabric,Fabric,https://ambientcg.com/get?file=Fabric043_1K-JPG.zip,9364923
Fabric044,fabric,Fabric,https://ambientcg.com/get?file=Fabric044_1K-JPG.zip,8761042
Fabric045,fabric,Fabric,https://ambientcg.com/get?file=Fabric045_1K-JPG.zip,9237703
Fabric046,fabric,Fabric,https://ambientcg.com/get?file=Fabric046_1K-JPG.zip,7279141
Fabric047,fabric,Fabric,https://ambientcg.com/get?file=Fabric047_1K-JPG.zip,6780456
Fabric048,fabric,Fabric,https://ambientcg.com/get?file=Fabric048_1K-JPG.zip,6570548
Fabric049,fabric,Fabric,https://ambientcg.com/get?file=Fabric049_1K-JPG.zip,6570324
Fabric050,fabric,Fabric,https://ambientcg.com/get?file=Fabric050_1K-JPG.zip,9939968
Fabric051,fabric,Fabric,https://ambientcg.com/get?file=Fabric051_1K-JPG.zip,9328334
Fabric052,fabric,Fabric,https://ambientcg.com/get?file=Fabric052_1K-JPG.zip,9428092
Fabric053,fabric,Fabric,https://ambientcg.com/get?file=Fabric053_1K-JPG.zip,9464799
Fabric054,fabric,Fabric,https://ambientcg.com/get?file=Fabric054_1K-JPG.zip,8946921
Fabric055,fabric,Fabric,https://ambientcg.com/get?file=Fabric055_1K-JPG.zip,8486941
Fabric056,fabric,Fabric,https://ambientcg.com/get?file=Fabric056_1K-JPG.zip,8499157
Fabric057,fabric,Fabric,https://ambientcg.com/get?file=Fabric057_1K-JPG.zip,9255794
Fabric058,fabric,Fabric,https://ambientcg.com/get?file=Fabric058_1K-JPG.zip,9765597
Fabric059,fabric,Fabric,https://ambientcg.com/get?file=Fabric059_1K-JPG.zip,8912549
Fabric060,fabric,Fabric,https://ambientcg.com/get?file=Fabric060_1K-JPG.zip,8646092
Fabric061,fabric,Fabric,https://ambientcg.com/get?file=Fabric061_1K-JPG.zip,8984802
Fabric062,fabric,Fabric,https://ambientcg.com/get?file=Fabric062_1K-JPG.zip,8521939
Fabric063,fabric,Fabric,https://ambientcg.com/get?file=Fabric063_1K-JPG.zip,8963010
Fabric064,fabric,Fabric,https://ambientcg.com/get?file=Fabric064_1K-JPG.zip,8982500
Fabric065,fabric,Fabric,https://ambientcg.com/get?file=Fabric065_1K-JPG.zip,8848351
Fabric066,fabric,Fabric,https://ambientcg.com/get?file=Fabric066_1K-JPG.zip,9676056
Fabric067,fabric,Fabric,https://ambientcg.com/get?file=Fabric067_1K-JPG.zip,7085847
Fabric068,fabric,Fabric,https://ambientcg.com/get?file=Fabric068_1K-JPG.zip,8944389
Fabric069,fabric,Fabric,https://ambientcg.com/get?file=Fabric069_1K-JPG.zip,9678748
Fabric070,fabric,Fabric,https://ambientcg.com/get?file=Fabric070_1K-JPG.zip,9115547
Fabric071,fabric,Fabric,https://ambientcg.com/get?file=Fabric071_1K-JPG.zip,8977823
Fabric072,fabric,Fabric,https://ambientcg.com/get?file=Fabric072_1K-JPG.zip,9284746
Fabric073,fabric,Fabric,https://ambientcg.com/get?file=Fabric073_1K-JPG.zip,9862473
Fabric074,fabric,Fabric,https://ambientcg.com/get?file=Fabric074_1K-JPG.zip,8684000
Fabric075,fabric,Fabric,https://ambientcg.com/get?file=Fabric075_1K-JPG.zip,8891567
Fabric076,fabric,Fabric,https://ambientcg.com/get?file=Fabric076_1K-JPG.zip,9079137
Fabric077,fabric,Fabric,https://ambientcg.com/get?file=Fabric077_1K-JPG.zip,9954883
Fabric078,fabric,Fabric,https://ambientcg.com/get?file=Fabric078_1K-JPG.zip,10324455
Fabric079,fabric,Fabric,https://ambientcg.com/get?file=Fabric079_1K-JPG.zip,8076277
Fabric080,fabric,Fabric,https://ambientcg.com/get?file=Fabric080_1K-JPG.zip,4902996
Fabric081A,fabric,Fabric,https://ambientcg.com/get?file=Fabric081A_1K-JPG.zip,6064964
Fabric081B,fabric,Fabric,https://ambientcg.com/get?file=Fabric081B_1K-JPG.zip,7179991
Fabric081C,fabric,Fabric,https://ambientcg.com/get?file=Fabric081C_1K-JPG.zip,5040951
Fabric082A,fabric,Fabric,https://ambientcg.com/get?file=Fabric082A_1K-JPG.zip,5156029
Fabric082B,fabric,Fabric,https://ambientcg.com/get?file=Fabric082B_1K-JPG.zip,8274884
Fabric082C,fabric,Fabric,https://ambientcg.com/get?file=Fabric082C_1K-JPG.zip,3946024
Fabric083,fabric,Fabric,https://ambientcg.com/get?file=Fabric083_1K-JPG.zip,8064054
Fabric084,fabric,Fabric,https://ambientcg.com/get?file=Fabric084_1K-JPG.zip,9333044
Fabric085,fabric,Fabric,https://ambientcg.com/get?file=Fabric085_1K-JPG.zip,9642154
Facade001,facade,Facade,https://ambientcg.com/get?file=Facade001_1K-JPG.zip,2890190
Facade002,facade,Facade,https://ambientcg.com/get?file=Facade002_1K-JPG.zip,3074596
Facade003,facade,Facade,https://ambientcg.com/get?file=Facade003_1K-JPG.zip,3346856
Facade004,facade,Facade,https://ambientcg.com/get?file=Facade004_1K-JPG.zip,3565279
Facade005,facade,Facade,https://ambientcg.com/get?file=Facade005_1K-JPG.zip,4127374
Facade006,facade,Facade,https://ambientcg.com/get?file=Facade006_1K-JPG.zip,2953361
Facade007,facade,Facade,https://ambientcg.com/get?file=Facade007_1K-JPG.zip,6234417
Facade008,facade,Facade,https://ambientcg.com/get?file=Facade008_1K-JPG.zip,6195327
Facade009,facade,Facade,https://ambientcg.com/get?file=Facade009_1K-JPG.zip,5259013
Facade010,facade,Facade,https://ambientcg.com/get?file=Facade010_1K-JPG.zip,9117219
Facade011,facade,Facade,https://ambientcg.com/get?file=Facade011_1K-JPG.zip,6074553
Facade012,facade,Facade,https://ambientcg.com/get?file=Facade012_1K-JPG.zip,8352793
Facade013,facade,Facade,https://ambientcg.com/get?file=Facade013_1K-JPG.zip,9090659
Facade014,facade,Facade,https://ambientcg.com/get?file=Facade014_1K-JPG.zip,7847883
Facade015,facade,Facade,https://ambientcg.com/get?file=Facade015_1K-JPG.zip,8052938
Facade016,facade,Facade,https://ambientcg.com/get?file=Facade016_1K-JPG.zip,8622020
Facade017,facade,Facade,https://ambientcg.com/get?file=Facade017_1K-JPG.zip,6674264
Facade018A,facade,Facade,https://ambientcg.com/get?file=Facade018A_1K-JPG.zip,7031571
Facade018B,facade,Facade,https://ambientcg.com/get?file=Facade018B_1K-JPG.zip,7310500
Facade018C,facade,Facade,https://ambientcg.com/get?file=Facade018C_1K-JPG.zip,7400921
Facade019A,facade,Facade,https://ambientcg.com/get?file=Facade019A_1K-JPG.zip,7035745
Facade019B,facade,Facade,https://ambientcg.com/get?file=Facade019B_1K-JPG.zip,7353875
Facade019C,facade,Facade,https://ambientcg.com/get?file=Facade019C_1K-JPG.zip,7483747
Facade020A,facade,Facade,https://ambientcg.com/get?file=Facade020A_1K-JPG.zip,7271810
Facade020B,facade,Facade,https://ambientcg.com/get?file=Facade020B_1K-JPG.zip,7488020
Facade020C,facade,Facade,https://ambientcg.com/get?file=Facade020C_1K-JPG.zip,7721813
Grass001,grass,Grass,https://ambientcg.com/get?file=Grass001_1K-JPG.zip,10710313
Grass002,grass,Grass,https://ambientcg.com/get?file=Grass002_1K-JPG.zip,10641927
Grass003,grass,Grass,https://ambientcg.com/get?file=Grass003_1K-JPG.zip,10727999
Grass004,grass,Grass,https://ambientcg.com/get?file=Grass004_1K-JPG.zip,11003149
Grass005,grass,Grass,https://ambientcg.com/get?file=Grass005_1K-JPG.zip,10442657
Grass006,grass,Grass,https://ambientcg.com/get?file=Grass006_1K-JPG.zip,10402007
Grass007,grass,Grass,https://ambientcg.com/get?file=Grass007_1K-JPG.zip,10168661
Grass008,grass,Grass,https://ambientcg.com/get?file=Grass008_1K-JPG.zip,10048006
Gravel001,gravel,Gravel,https://ambientcg.com/get?file=Gravel001_1K-JPG.zip,5311871
Gravel002,gravel,Gravel,https://ambientcg.com/get?file=Gravel002_1K-JPG.zip,7085402
Gravel003,gravel,Gravel,https://ambientcg.com/get?file=Gravel003_1K-JPG.zip,10010938
Gravel004,gravel,Gravel,https://ambientcg.com/get?file=Gravel004_1K-JPG.zip,9278473
Gravel005,gravel,Gravel,https://ambientcg.com/get?file=Gravel005_1K-JPG.zip,10422605
Gravel006,gravel,Gravel,https://ambientcg.com/get?file=Gravel006_1K-JPG.zip,10432375
Gravel007,gravel,Gravel,https://ambientcg.com/get?file=Gravel007_1K-JPG.zip,10370107
Gravel008,gravel,Gravel,https://ambientcg.com/get?file=Gravel008_1K-JPG.zip,10849176
Gravel009,gravel,Gravel,https://ambientcg.com/get?file=Gravel009_1K-JPG.zip,10377357
Gravel010,gravel,Gravel,https://ambientcg.com/get?file=Gravel010_1K-JPG.zip,10276358
Gravel011,gravel,Gravel,https://ambientcg.com/get?file=Gravel011_1K-JPG.zip,10162598
Gravel012,gravel,Gravel,https://ambientcg.com/get?file=Gravel012_1K-JPG.zip,10407480
Gravel013,gravel,Gravel,https://ambientcg.com/get?file=Gravel013_1K-JPG.zip,9783029
Gravel014,gravel,Gravel,https://ambientcg.com/get?file=Gravel014_1K-JPG.zip,9855762
Gravel015,gravel,Gravel,https://ambientcg.com/get?file=Gravel015_1K-JPG.zip,10707914
Gravel016,gravel,Gravel,https://ambientcg.com/get?file=Gravel016_1K-JPG.zip,13106600
Gravel017,gravel,Gravel,https://ambientcg.com/get?file=Gravel017_1K-JPG.zip,12795470
Gravel018,gravel,Gravel,https://ambientcg.com/get?file=Gravel018_1K-JPG.zip,13109310
Gravel019,gravel,Gravel,https://ambientcg.com/get?file=Gravel019_1K-JPG.zip,13498877
Gravel020,gravel,Gravel,https://ambientcg.com/get?file=Gravel020_1K-JPG.zip,10495192
Gravel021,gravel,Gravel,https://ambientcg.com/get?file=Gravel021_1K-JPG.zip,10671419
Gravel022,gravel,Gravel,https://ambientcg.com/get?file=Gravel022_1K-JPG.zip,10076010
Gravel023,gravel,Gravel,https://ambientcg.com/get?file=Gravel023_1K-JPG.zip,9879090
Gravel024,gravel,Gravel,https://ambientcg.com/get?file=Gravel024_1K-JPG.zip,9639926
Gravel025,gravel,Gravel,https://ambientcg.com/get?file=Gravel025_1K-JPG.zip,10043531
Gravel026,gravel,Gravel,https://ambientcg.com/get?file=Gravel026_1K-JPG.zip,10008997
Gravel027,gravel,Gravel,https://ambientcg.com/get?file=Gravel027_1K-JPG.zip,10025642
Gravel028,gravel,Gravel,https://ambientcg.com/get?file=Gravel028_1K-JPG.zip,11280482
Gravel029,gravel,Gravel,https://ambientcg.com/get?file=Gravel029_1K-JPG.zip,11216913
Gravel030,gravel,Gravel,https://ambientcg.com/get?file=Gravel030_1K-JPG.zip,10604131
Gravel031,gravel,Gravel,https://ambientcg.com/get?file=Gravel031_1K-JPG.zip,10873137
Gravel032,gravel,Gravel,https://ambientcg.com/get?file=Gravel032_1K-JPG.zip,10827890
Gravel033,gravel,Gravel,https://ambientcg.com/get?file=Gravel033_1K-JPG.zip,10629237
Gravel034,gravel,Gravel,https://ambientcg.com/get?file=Gravel034_1K-JPG.zip,10507565
Gravel035,gravel,Gravel,https://ambientcg.com/get?file=Gravel035_1K-JPG.zip,10559484
Gravel036L,gravel,Gravel,https://ambientcg.com/get?file=Gravel036L_1K-JPG.zip,10859923
Gravel036S,gravel,Gravel,https://ambientcg.com/get?file=Gravel036S_1K-JPG.zip,10825986
Gravel037,gravel,Gravel,https://ambientcg.com/get?file=Gravel037_1K-JPG.zip,10346539
Gravel038,gravel,Gravel,https://ambientcg.com/get?file=Gravel038_1K-JPG.zip,10766217
Gravel039,gravel,Gravel,https://ambientcg.com/get?file=Gravel039_1K-JPG.zip,9413308
Gravel040,gravel,Gravel,https://ambientcg.com/get?file=Gravel040_1K-JPG.zip,10118072
Gravel041,gravel,Gravel,https://ambientcg.com/get?file=Gravel041_1K-JPG.zip,10157025
Gravel042,gravel,Gravel,https://ambientcg.com/get?file=Gravel042_1K-JPG.zip,10093776
Gravel043,gravel,Gravel,https://ambientcg.com/get?file=Gravel043_1K-JPG.zip,10405844
Ground001,ground,Ground,https://ambientcg.com/get?file=Ground001_1K-JPG.zip,6235206
Ground002,ground,Ground,https://ambientcg.com/get?file=Ground002_1K-JPG.zip,8565319
Ground003,grass,Ground,https://ambientcg.com/get?file=Ground003_1K-JPG.zip,9900163
Ground004,ground,Ground,https://ambientcg.com/get?file=Ground004_1K-JPG.zip,9236132
Ground005,ground,Ground,https://ambientcg.com/get?file=Ground005_1K-JPG.zip,8786732
Ground006,ground,Ground,https://ambientcg.com/get?file=Ground006_1K-JPG.zip,10011435
Ground007,ground,Ground,https://ambientcg.com/get?file=Ground007_1K-JPG.zip,9922089
Ground008,ground,Ground,https://ambientcg.com/get?file=Ground008_1K-JPG.zip,9081603
Ground009,ground,Ground,https://ambientcg.com/get?file=Ground009_1K-JPG.zip,8933270
Ground010,ground,Ground,https://ambientcg.com/get?file=Ground010_1K-JPG.zip,8652276
Ground011,ground,Ground,https://ambientcg.com/get?file=Ground011_1K-JPG.zip,10004828
Ground012,ground,Ground,https://ambientcg.com/get?file=Ground012_1K-JPG.zip,9469194
Ground013,grass,Ground,https://ambientcg.com/get?file=Ground013_1K-JPG.zip,10412773
Ground014,ground,Ground,https://ambientcg.com/get?file=Ground014_1K-JPG.zip,9403679
Ground015,ground,Ground,https://ambientcg.com/get?file=Ground015_1K-JPG.zip,10260677
Ground016,ground,Ground,https://ambientcg.com/get?file=Ground016_1K-JPG.zip,9726354
Ground017,ground,Ground,https://ambientcg.com/get?file=Ground017_1K-JPG.zip,7360356
Ground018,ground,Ground,https://ambientcg.com/get?file=Ground018_1K-JPG.zip,9701031
Ground019,ground,Ground,https://ambientcg.com/get?file=Ground019_1K-JPG.zip,10220121
Ground020,grass,Ground,https://ambientcg.com/get?file=Ground020_1K-JPG.zip,9983261
Ground021,ground,Ground,https://ambientcg.com/get?file=Ground021_1K-JPG.zip,10754951
Ground022,ground,Ground,https://ambientcg.com/get?file=Ground022_1K-JPG.zip,10445785
Ground023,ground,Ground,https://ambientcg.com/get?file=Ground023_1K-JPG.zip,10511615
Ground024,ground,Ground,https://ambientcg.com/get?file=Ground024_1K-JPG.zip,10350165
Ground025,ground,Ground,https://ambientcg.com/get?file=Ground025_1K-JPG.zip,9357590
Ground026,ground,Ground,https://ambientcg.com/get?file=Ground026_1K-JPG.zip,9456906
Ground027,ground,Ground,https://ambientcg.com/get?file=Ground027_1K-JPG.zip,6888070
Ground028,ground,Ground,https://ambientcg.com/get?file=Ground028_1K-JPG.zip,10141773
Ground029,ground,Ground,https://ambientcg.com/get?file=Ground029_1K-JPG.zip,9395746
Ground030,grass,Ground,https://ambientcg.com/get?file=Ground030_1K-JPG.zip,9236229
Ground031,ground,Ground,https://ambientcg.com/get?file=Ground031_1K-JPG.zip,10324053
Ground032,ground,Ground,https://ambientcg.com/get?file=Ground032_1K-JPG.zip,6340557
Ground033,ground,Ground,https://ambientcg.com/get?file=Ground033_1K-JPG.zip,6878611
Ground034,ground,Ground,https://ambientcg.com/get?file=Ground034_1K-JPG.zip,7234007
Ground035,ground,Ground,https://ambientcg.com/get?file=Ground035_1K-JPG.zip,7795475
Ground036,ground,Ground,https://ambientcg.com/get?file=Ground036_1K-JPG.zip,10418099
Ground037,grass,Ground,https://ambientcg.com/get?file=Ground037_1K-JPG.zip,10574958
Ground038,ground,Ground,https://ambientcg.com/get?file=Ground038_1K-JPG.zip,10326433
Ground039,ground,Ground,https://ambientcg.com/get?file=Ground039_1K-JPG.zip,9693066
Ground040,ground,Ground,https://ambientcg.com/get?file=Ground040_1K-JPG.zip,10860898
Ground041,ground,Ground,https://ambientcg.com/get?file=Ground041_1K-JPG.zip,10712673
Ground042,ground,Ground,https://ambientcg.com/get?file=Ground042_1K-JPG.zip,10759806
Ground043,ground,Ground,https://ambientcg.com/get?file=Ground043_1K-JPG.zip,9779931
Ground044,ground,Ground,https://ambientcg.com/get?file=Ground044_1K-JPG.zip,9715166
Ground045,ground,Ground,https://ambientcg.com/get?file=Ground045_1K-JPG.zip,10041309
Ground046,ground,Ground,https://ambientcg.com/get?file=Ground046_1K-JPG.zip,9586029
Ground047,ground,Ground,https://ambientcg.com/get?file=Ground047_1K-JPG.zip,9910994
Ground048,ground,Ground,https://ambientcg.com/get?file=Ground048_1K-JPG.zip,10655049
Ground049A,ground,Ground,https://ambientcg.com/get?file=Ground049A_1K-JPG.zip,8298716
Ground049B,ground,Ground,https://ambientcg.com/get?file=Ground049B_1K-JPG.zip,8411059
Ground049C,ground,Ground,https://ambientcg.com/get?file=Ground049C_1K-JPG.zip,9610513
Ground050,ground,Ground,https://ambientcg.com/get?file=Ground050_1K-JPG.zip,7782319
Ground051,ground,Ground,https://ambientcg.com/get?file=Ground051_1K-JPG.zip,8268260
Ground052,ground,Ground,https://ambientcg.com/get?file=Ground052_1K-JPG.zip,6961623
Ground053,ground,Ground,https://ambientcg.com/get?file=Ground053_1K-JPG.zip,10554538
Ground054,ground,Ground,https://ambientcg.com/get?file=Ground054_1K-JPG.zip,8674949
Ground055L,ground,Ground,https://ambientcg.com/get?file=Ground055L_1K-JPG.zip,7832599
Ground055S,ground,Ground,https://ambientcg.com/get?file=Ground055S_1K-JPG.zip,7031798
Ground056,ground,Ground,https://ambientcg.com/get?file=Ground056_1K-JPG.zip,7451092
Ground057,ground,Ground,https://ambientcg.com/get?file=Ground057_1K-JPG.zip,5853941
Ground058,ground,Ground,https://ambientcg.com/get?file=Ground058_1K-JPG.zip,9985878
Ground059,ground,Ground,https://ambientcg.com/get?file=Ground059_1K-JPG.zip,6421212
Ground060,ground,Ground,https://ambientcg.com/get?file=Ground060_1K-JPG.zip,5919686
Ground061,ground,Ground,https://ambientcg.com/get?file=Ground061_1K-JPG.zip,3735175
Ground062L,ground,Ground,https://ambientcg.com/get?file=Ground062L_1K-JPG.zip,10684662
Ground062S,ground,Ground,https://ambientcg.com/get?file=Ground062S_1K-JPG.zip,10310465
Ground063,ground,Ground,https://ambientcg.com/get?file=Ground063_1K-JPG.zip,10084817
Ground064,ground,Ground,https://ambientcg.com/get?file=Ground064_1K-JPG.zip,10717381
Ground065,ground,Ground,https://ambientcg.com/get?file=Ground065_1K-JPG.zip,9975040
Ground066,ground,Ground,https://ambientcg.com/get?file=Ground066_1K-JPG.zip,10100782
Ground067,ground,Ground,https://ambientcg.com/get?file=Ground067_1K-JPG.zip,9919959
Ground068,ground,Ground,https://ambientcg.com/get?file=Ground068_1K-JPG.zip,10148987
Ground069,ground,Ground,https://ambientcg.com/get?file=Ground069_1K-JPG.zip,9319560
Ground070,ground,Ground,https://ambientcg.com/get?file=Ground070_1K-JPG.zip,9869016
Ground071,ground,Ground,https://ambientcg.com/get?file=Ground071_1K-JPG.zip,9506446
Ground072,ground,Ground,https://ambientcg.com/get?file=Ground072_1K-JPG.zip,10350997
Ground073,ground,Ground,https://ambientcg.com/get?file=Ground073_1K-JPG.zip,10133887
Ground074,ground,Ground,https://ambientcg.com/get?file=Ground074_1K-JPG.zip,9765143
Ground075,grass,Ground,https://ambientcg.com/get?file=Ground075_1K-JPG.zip,10066007
Ground076,ground,Ground,https://ambientcg.com/get?file=Ground076_1K-JPG.zip,10097592
Ground077,ground,Ground,https://ambientcg.com/get?file=Ground077_1K-JPG.zip,10361535
Ground078,ground,Ground,https://ambientcg.com/get?file=Ground078_1K-JPG.zip,5482645
Ground079L,ground,Ground,https://ambientcg.com/get?file=Ground079L_1K-JPG.zip,9802863
Ground079S,ground,Ground,https://ambientcg.com/get?file=Ground079S_1K-JPG.zip,9972160
Ground080,ground,Ground,https://ambientcg.com/get?file=Ground080_1K-JPG.zip,6928242
Ground081,ground,Ground,https://ambientcg.com/get?file=Ground081_1K-JPG.zip,5739942
Ground082L,ground,Ground,https://ambientcg.com/get?file=Ground082L_1K-JPG.zip,10742051
Ground082S,ground,Ground,https://ambientcg.com/get?file=Ground082S_1K-JPG.zip,10417186
Ground083,ground,Ground,https://ambientcg.com/get?file=Ground083_1K-JPG.zip,9275069
Ground084,ground,Ground,https://ambientcg.com/get?file=Ground084_1K-JPG.zip,10285472
Ground085,ground,Ground,https://ambientcg.com/get?file=Ground085_1K-JPG.zip,10359404
Ground086,ground,Ground,https://ambientcg.com/get?file=Ground086_1K-JPG.zip,9502287
Ground087,ground,Ground,https://ambientcg.com/get?file=Ground087_1K-JPG.zip,9166526
Ground088,ground,Ground,https://ambientcg.com/get?file=Ground088_1K-JPG.zip,8616698
Ground089,ground,Ground,https://ambientcg.com/get?file=Ground089_1K-JPG.zip,7736534
Ground090,ground,Ground,https://ambientcg.com/get?file=Ground090_1K-JPG.zip,4928080
Ground091,ground,Ground,https://ambientcg.com/get?file=Ground091_1K-JPG.zip,10627026
Ground092A,ground,Ground,https://ambientcg.com/get?file=Ground092A_1K-JPG.zip,5953885
Ground092B,ground,Ground,https://ambientcg.com/get?file=Ground092B_1K-JPG.zip,6261282
Ground092C,ground,Ground,https://ambientcg.com/get?file=Ground092C_1K-JPG.zip,6204186
Ground093A,ground,Ground,https://ambientcg.com/get?file=Ground093A_1K-JPG.zip,5659905
Ground093B,ground,Ground,https://ambientcg.com/get?file=Ground093B_1K-JPG.zip,5070152
Ground093C,ground,Ground,https://ambientcg.com/get?file=Ground093C_1K-JPG.zip,5088593
Ground094A,ground,Ground,https://ambientcg.com/get?file=Ground094A_1K-JPG.zip,5702568
Ground094B,ground,Ground,https://ambientcg.com/get?file=Ground094B_1K-JPG.zip,5591646
Ground094C,ground,Ground,https://ambientcg.com/get?file=Ground094C_1K-JPG.zip,5250908
Ground095A,ground,Ground,https://ambientcg.com/get?file=Ground095A_1K-JPG.zip,5488705
Ground095B,ground,Ground,https://ambientcg.com/get?file=Ground095B_1K-JPG.zip,5618529
Ground096A,ground,Ground,https://ambientcg.com/get?file=Ground096A_1K-JPG.zip,6151689
Ground096B,ground,Ground,https://ambientcg.com/get?file=Ground096B_1K-JPG.zip,6742009
Ground097,ground,Ground,https://ambientcg.com/get?file=Ground097_1K-JPG.zip,5326580
Ground098,ground,Ground,https://ambientcg.com/get?file=Ground098_1K-JPG.zip,6121038
Ground099,ground,Ground,https://ambientcg.com/get?file=Ground099_1K-JPG.zip,6341440
Ground100,ground,Ground,https://ambientcg.com/get?file=Ground100_1K-JPG.zip,6139325
Ground101,ground,Ground,https://ambientcg.com/get?file=Ground101_1K-JPG.zip,5754602
Ground102,ground,Ground,https://ambientcg.com/get?file=Ground102_1K-JPG.zip,8400711
Ground103,ground,Ground,https://ambientcg.com/get?file=Ground103_1K-JPG.zip,9596711
Ground104,ground,Ground,https://ambientcg.com/get?file=Ground104_1K-JPG.zip,9758643
Ground105,ground,Ground,https://ambientcg.com/get?file=Ground105_1K-JPG.zip,9404375
Ground106,ground,Ground,https://ambientcg.com/get?file=Ground106_1K-JPG.zip,9709840
Ground107,ground,Ground,https://ambientcg.com/get?file=Ground107_1K-JPG.zip,9788283
Ground108,ground,Ground,https://ambientcg.com/get?file=Ground108_1K-JPG.zip,9835610
Ground109,ground,Ground,https://ambientcg.com/get?file=Ground109_1K-JPG.zip,9101131
Ground110,ground,Ground,https://ambientcg.com/get?file=Ground110_1K-JPG.zip,10415140
Ground111,ground,Ground,https://ambientcg.com/get?file=Ground111_1K-JPG.zip,9761806
Ground112,ground,Ground,https://ambientcg.com/get?file=Ground112_1K-JPG.zip,9765076
Leather001,leather,Leather,https://ambientcg.com/get?file=Leather001_1K-JPG.zip,6337916
Leather002,leather,Leather,https://ambientcg.com/get?file=Leather002_1K-JPG.zip,7033418
Leather003,leather,Leather,https://ambientcg.com/get?file=Leather003_1K-JPG.zip,7830888
Leather004,leather,Leather,https://ambientcg.com/get?file=Leather004_1K-JPG.zip,7062320
Leather005,leather,Leather,https://ambientcg.com/get?file=Leather005_1K-JPG.zip,7549784
Leather006,leather,Leather,https://ambientcg.com/get?file=Leather006_1K-JPG.zip,7920486
Leather007,leather,Leather,https://ambientcg.com/get?file=Leather007_1K-JPG.zip,7124812
Leather008,leather,Leather,https://ambientcg.com/get?file=Leather008_1K-JPG.zip,8794509
Leather009,leather,Leather,https://ambientcg.com/get?file=Leather009_1K-JPG.zip,5246276
Leather010,leather,Leather,https://ambientcg.com/get?file=Leather010_1K-JPG.zip,6850301
Leather011,leather,Leather,https://ambientcg.com/get?file=Leather011_1K-JPG.zip,5605677
Leather012,leather,Leather,https://ambientcg.com/get?file=Leather012_1K-JPG.zip,5843242
Leather013,leather,Leather,https://ambientcg.com/get?file=Leather013_1K-JPG.zip,6271625
Leather014,leather,Leather,https://ambientcg.com/get?file=Leather014_1K-JPG.zip,7561208
Leather015,leather,Leather,https://ambientcg.com/get?file=Leather015_1K-JPG.zip,6862345
Leather016,leather,Leather,https://ambientcg.com/get?file=Leather016_1K-JPG.zip,8171864
Leather017,leather,Leather,https://ambientcg.com/get?file=Leather017_1K-JPG.zip,8200369
Leather018,leather,Leather,https://ambientcg.com/get?file=Leather018_1K-JPG.zip,7550024
Leather019,leather,Leather,https://ambientcg.com/get?file=Leather019_1K-JPG.zip,7693056
Leather020,leather,Leather,https://ambientcg.com/get?file=Leather020_1K-JPG.zip,8371755
Leather021,leather,Leather,https://ambientcg.com/get?file=Leather021_1K-JPG.zip,7331500
Leather022,leather,Leather,https://ambientcg.com/get?file=Leather022_1K-JPG.zip,6912390
Leather023,leather,Leather,https://ambientcg.com/get?file=Leather023_1K-JPG.zip,7803956
Leather024,leather,Leather,https://ambientcg.com/get?file=Leather024_1K-JPG.zip,7152186
Leather025,leather,Leather,https://ambientcg.com/get?file=Leather025_1K-JPG.zip,6669293
Leather026,leather,Leather,https://ambientcg.com/get?file=Leather026_1K-JPG.zip,6841165
Leather027,leather,Leather,https://ambientcg.com/get?file=Leather027_1K-JPG.zip,6646279
Leather028,leather,Leather,https://ambientcg.com/get?file=Leather028_1K-JPG.zip,7495301
Leather029,leather,Leather,https://ambientcg.com/get?file=Leather029_1K-JPG.zip,7519209
Leather030,leather,Leather,https://ambientcg.com/get?file=Leather030_1K-JPG.zip,7526716
Leather031,leather,Leather,https://ambientcg.com/get?file=Leather031_1K-JPG.zip,6841261
Leather032,leather,Leather,https://ambientcg.com/get?file=Leather032_1K-JPG.zip,6841177
Leather033A,leather,Leather,https://ambientcg.com/get?file=Leather033A_1K-JPG.zip,7520216
Leather033B,leather,Leather,https://ambientcg.com/get?file=Leather033B_1K-JPG.zip,8102621
Leather033C,leather,Leather,https://ambientcg.com/get?file=Leather033C_1K-JPG.zip,8566487
Leather034A,leather,Leather,https://ambientcg.com/get?file=Leather034A_1K-JPG.zip,8227896
Leather034B,leather,Leather,https://ambientcg.com/get?file=Leather034B_1K-JPG.zip,8137529
Leather034C,leather,Leather,https://ambientcg.com/get?file=Leather034C_1K-JPG.zip,7706419
Leather034D,leather,Leather,https://ambientcg.com/get?file=Leather034D_1K-JPG.zip,7179259
Leather035A,leather,Leather,https://ambientcg.com/get?file=Leather035A_1K-JPG.zip,8477320
Leather035B,leather,Leather,https://ambientcg.com/get?file=Leather035B_1K-JPG.zip,8358225
Leather035C,leather,Leather,https://ambientcg.com/get?file=Leather035C_1K-JPG.zip,7945059
Leather035D,leather,Leather,https://ambientcg.com/get?file=Leather035D_1K-JPG.zip,7357396
Leather036A,leather,Leather,https://ambientcg.com/get?file=Leather036A_1K-JPG.zip,9300046
Leather036B,leather,Leather,https://ambientcg.com/get?file=Leather036B_1K-JPG.zip,8989827
Leather036C,leather,Leather,https://ambientcg.com/get?file=Leather036C_1K-JPG.zip,8632163
Leather036D,leather,Leather,https://ambientcg.com/get?file=Leather036D_1K-JPG.zip,7918983
Leather037,leather,Leather,https://ambientcg.com/get?file=Leather037_1K-JPG.zip,7323418
Leather038,leather,Leather,https://ambientcg.com/get?file=Leather038_1K-JPG.zip,6472440
Leather039,leather,Leather,https://ambientcg.com/get?file=Leather039_1K-JPG.zip,7783448
Marble001,marble,Marble,https://ambientcg.com/get?file=Marble001_1K-JPG.zip,5861258
Marble002,marble,Marble,https://ambientcg.com/get?file=Marble002_1K-JPG.zip,5678807
Marble003,marble,Marble,https://ambientcg.com/get?file=Marble003_1K-JPG.zip,6110580
Marble004,marble,Marble,https://ambientcg.com/get?file=Marble004_1K-JPG.zip,5778136
Marble005,marble,Marble,https://ambientcg.com/get?file=Marble005_1K-JPG.zip,5850902
Marble006,marble,Marble,https://ambientcg.com/get?file=Marble006_1K-JPG.zip,4682587
Marble007,marble,Marble,https://ambientcg.com/get?file=Marble007_1K-JPG.zip,4879973
Marble008,marble,Marble,https://ambientcg.com/get?file=Marble008_1K-JPG.zip,4932559
Marble009,marble,Marble,https://ambientcg.com/get?file=Marble009_1K-JPG.zip,4692354
Marble010,marble,Marble,https://ambientcg.com/get?file=Marble010_1K-JPG.zip,4786601
Marble011,marble,Marble,https://ambientcg.com/get?file=Marble011_1K-JPG.zip,4414966
Marble012,marble,Marble,https://ambientcg.com/get?file=Marble012_1K-JPG.zip,4672904
Marble013,marble,Marble,https://ambientcg.com/get?file=Marble013_1K-JPG.zip,5272378
Marble014,marble,Marble,https://ambientcg.com/get?file=Marble014_1K-JPG.zip,4631674
Marble015,marble,Marble,https://ambientcg.com/get?file=Marble015_1K-JPG.zip,3934964
Marble016,marble,Marble,https://ambientcg.com/get?file=Marble016_1K-JPG.zip,4352207
Marble017,marble,Marble,https://ambientcg.com/get?file=Marble017_1K-JPG.zip,4314329
Marble018,marble,Marble,https://ambientcg.com/get?file=Marble018_1K-JPG.zip,4493440
Marble019,marble,Marble,https://ambientcg.com/get?file=Marble019_1K-JPG.zip,4081922
Marble020,marble,Marble,https://ambientcg.com/get?file=Marble020_1K-JPG.zip,4287524
Marble021,marble,Marble,https://ambientcg.com/get?file=Marble021_1K-JPG.zip,4141632
Marble022,marble,Marble,https://ambientcg.com/get?file=Marble022_1K-JPG.zip,5003633
Marble023,marble,Marble,https://ambientcg.com/get?file=Marble023_1K-JPG.zip,4597736
Marble024,marble,Marble,https://ambientcg.com/get?file=Marble024_1K-JPG.zip,3760677
Marble025,marble,Marble,https://ambientcg.com/get?file=Marble025_1K-JPG.zip,3602877
Marble026,marble,Marble,https://ambientcg.com/get?file=Marble026_1K-JPG.zip,5242530
Metal001,metal,Metal,https://ambientcg.com/get?file=Metal001_1K-JPG.zip,4715830
Metal002,metal,Metal,https://ambientcg.com/get?file=Metal002_1K-JPG.zip,5572064
Metal003,metal,Metal,https://ambientcg.com/get?file=Metal003_1K-JPG.zip,5137699
Metal004,metal,Metal,https://ambientcg.com/get?file=Metal004_1K-JPG.zip,5623007
Metal005,metal,Metal,https://ambientcg.com/get?file=Metal005_1K-JPG.zip,8934501
Metal006,metal,Metal,https://ambientcg.com/get?file=Metal006_1K-JPG.zip,3046314
Metal007,metal,Metal,https://ambientcg.com/get?file=Metal007_1K-JPG.zip,4951992
Metal008,metal,Metal,https://ambientcg.com/get?file=Metal008_1K-JPG.zip,5205954
Metal009,metal,Metal,https://ambientcg.com/get?file=Metal009_1K-JPG.zip,4767000
Metal010,metal,Metal,https://ambientcg.com/get?file=Metal010_1K-JPG.zip,5153516
Metal011,metal,Metal,https://ambientcg.com/get?file=Metal011_1K-JPG.zip,4305137
Metal012,metal,Metal,https://ambientcg.com/get?file=Metal012_1K-JPG.zip,3961854
Metal013,metal,Metal,https://ambientcg.com/get?file=Metal013_1K-JPG.zip,8695747
Metal014,metal,Metal,https://ambientcg.com/get?file=Metal014_1K-JPG.zip,6883685
Metal015,metal,Metal,https://ambientcg.com/get?file=Metal015_1K-JPG.zip,6964328
Metal016,metal,Metal,https://ambientcg.com/get?file=Metal016_1K-JPG.zip,7338557
Metal017,metal,Metal,https://ambientcg.com/get?file=Metal017_1K-JPG.zip,6878480
Metal018,metal,Metal,https://ambientcg.com/get?file=Metal018_1K-JPG.zip,7967374
Metal019,metal,Metal,https://ambientcg.com/get?file=Metal019_1K-JPG.zip,4674324
Metal020,metal,Metal,https://ambientcg.com/get?file=Metal020_1K-JPG.zip,7865327
Metal021,metal,Metal,https://ambientcg.com/get?file=Metal021_1K-JPG.zip,6986024
Metal022,metal,Metal,https://ambientcg.com/get?file=Metal022_1K-JPG.zip,9159177
Metal023,metal,Metal,https://ambientcg.com/get?file=Metal023_1K-JPG.zip,8784175
Metal024,metal,Metal,https://ambientcg.com/get?file=Metal024_1K-JPG.zip,6150058
Metal025,metal,Metal,https://ambientcg.com/get?file=Metal025_1K-JPG.zip,8530025
Metal026,metal,Metal,https://ambientcg.com/get?file=Metal026_1K-JPG.zip,8199680
Metal027,metal,Metal,https://ambientcg.com/get?file=Metal027_1K-JPG.zip,6311401
Metal028,metal,Metal,https://ambientcg.com/get?file=Metal028_1K-JPG.zip,7048756
Metal029,metal,Metal,https://ambientcg.com/get?file=Metal029_1K-JPG.zip,6543197
Metal030,metal,Metal,https://ambientcg.com/get?file=Metal030_1K-JPG.zip,3096905
Metal031,metal,Metal,https://ambientcg.com/get?file=Metal031_1K-JPG.zip,3176766
Metal032,metal,Metal,https://ambientcg.com/get?file=Metal032_1K-JPG.zip,3650556
Metal033,metal,Metal,https://ambientcg.com/get?file=Metal033_1K-JPG.zip,3625171
Metal034,metal,Metal,https://ambientcg.com/get?file=Metal034_1K-JPG.zip,3038830
Metal035,metal,Metal,https://ambientcg.com/get?file=Metal035_1K-JPG.zip,3743722
Metal036,metal,Metal,https://ambientcg.com/get?file=Metal036_1K-JPG.zip,3743619
Metal037,metal,Metal,https://ambientcg.com/get?file=Metal037_1K-JPG.zip,5401138
Metal038,metal,Metal,https://ambientcg.com/get?file=Metal038_1K-JPG.zip,5291072
Metal039,metal,Metal,https://ambientcg.com/get?file=Metal039_1K-JPG.zip,7655891
Metal040,metal,Metal,https://ambientcg.com/get?file=Metal040_1K-JPG.zip,5924085
Metal041A,metal,Metal,https://ambientcg.com/get?file=Metal041A_1K-JPG.zip,4330718
Metal041B,metal,Metal,https://ambientcg.com/get?file=Metal041B_1K-JPG.zip,6924078
Metal041C,metal,Metal,https://ambientcg.com/get?file=Metal041C_1K-JPG.zip,6886378
Metal042A,metal,Metal,https://ambientcg.com/get?file=Metal042A_1K-JPG.zip,3538158
Metal042B,metal,Metal,https://ambientcg.com/get?file=Metal042B_1K-JPG.zip,6228363
Metal043A,metal,Metal,https://ambientcg.com/get?file=Metal043A_1K-JPG.zip,4876952
Metal043B,metal,Metal,https://ambientcg.com/get?file=Metal043B_1K-JPG.zip,5774194
Metal044A,metal,Metal,https://ambientcg.com/get?file=Metal044A_1K-JPG.zip,3434665
Metal044B,metal,Metal,https://ambientcg.com/get?file=Metal044B_1K-JPG.zip,4025516
Metal045A,metal,Metal,https://ambientcg.com/get?file=Metal045A_1K-JPG.zip,5711592
Metal045B,metal,Metal,https://ambientcg.com/get?file=Metal045B_1K-JPG.zip,6147665
Metal046A,metal,Metal,https://ambientcg.com/get?file=Metal046A_1K-JPG.zip,5488016
Metal046B,metal,Metal,https://ambientcg.com/get?file=Metal046B_1K-JPG.zip,6827203
Metal047A,metal,Metal,https://ambientcg.com/get?file=Metal047A_1K-JPG.zip,4384489
Metal047B,metal,Metal,https://ambientcg.com/get?file=Metal047B_1K-JPG.zip,6665645
Metal048A,metal,Metal,https://ambientcg.com/get?file=Metal048A_1K-JPG.zip,2595307
Metal048B,metal,Metal,https://ambientcg.com/get?file=Metal048B_1K-JPG.zip,3218603
Metal048C,metal,Metal,https://ambientcg.com/get?file=Metal048C_1K-JPG.zip,4470410
Metal049A,metal,Metal,https://ambientcg.com/get?file=Metal049A_1K-JPG.zip,2744738
Metal049B,metal,Metal,https://ambientcg.com/get?file=Metal049B_1K-JPG.zip,2976457
Metal049C,metal,Metal,https://ambientcg.com/get?file=Metal049C_1K-JPG.zip,3226022
Metal050A,metal,Metal,https://ambientcg.com/get?file=Metal050A_1K-JPG.zip,2648186
Metal050B,metal,Metal,https://ambientcg.com/get?file=Metal050B_1K-JPG.zip,2794239
Metal050C,metal,Metal,https://ambientcg.com/get?file=Metal050C_1K-JPG.zip,3642612
Metal051A,metal,Metal,https://ambientcg.com/get?file=Metal051A_1K-JPG.zip,3086692
Metal051B,metal,Metal,https://ambientcg.com/get?file=Metal051B_1K-JPG.zip,2952770
Metal051C,metal,Metal,https://ambientcg.com/get?file=Metal051C_1K-JPG.zip,3440350
Metal052A,metal,Metal,https://ambientcg.com/get?file=Metal052A_1K-JPG.zip,2743788
Metal052B,metal,Metal,https://ambientcg.com/get?file=Metal052B_1K-JPG.zip,3536844
Metal052C,metal,Metal,https://ambientcg.com/get?file=Metal052C_1K-JPG.zip,5094841
Metal053A,metal,Metal,https://ambientcg.com/get?file=Metal053A_1K-JPG.zip,3101004
Metal053B,metal,Metal,https://ambientcg.com/get?file=Metal053B_1K-JPG.zip,4916714
Metal053C,metal,Metal,https://ambientcg.com/get?file=Metal053C_1K-JPG.zip,6327290
Metal054A,metal,Metal,https://ambientcg.com/get?file=Metal054A_1K-JPG.zip,3398500
Metal054B,metal,Metal,https://ambientcg.com/get?file=Metal054B_1K-JPG.zip,5881845
Metal054C,metal,Metal,https://ambientcg.com/get?file=Metal054C_1K-JPG.zip,6220136
Metal055A,metal,Metal,https://ambientcg.com/get?file=Metal055A_1K-JPG.zip,4280189
Metal055B,metal,Metal,https://ambientcg.com/get?file=Metal055B_1K-JPG.zip,4473533
Metal055C,metal,Metal,https://ambientcg.com/get?file=Metal055C_1K-JPG.zip,5560992
Metal056A,metal,Metal,https://ambientcg.com/get?file=Metal056A_1K-JPG.zip,5579632
Metal056B,metal,Metal,https://ambientcg.com/get?file=Metal056B_1K-JPG.zip,5909955
Metal056C,metal,Metal,https://ambientcg.com/get?file=Metal056C_1K-JPG.zip,6939811
Metal057A,metal,Metal,https://ambientcg.com/get?file=Metal057A_1K-JPG.zip,2679654
Metal057B,metal,Metal,https://ambientcg.com/get?file=Metal057B_1K-JPG.zip,3196590
Metal057C,metal,Metal,https://ambientcg.com/get?file=Metal057C_1K-JPG.zip,3730258
Metal058A,metal,Metal,https://ambientcg.com/get?file=Metal058A_1K-JPG.zip,2998820
Metal058B,metal,Metal,https://ambientcg.com/get?file=Metal058B_1K-JPG.zip,4902949
Metal058C,metal,Metal,https://ambientcg.com/get?file=Metal058C_1K-JPG.zip,6827662
Metal059A,metal,Metal,https://ambientcg.com/get?file=Metal059A_1K-JPG.zip,2546145
Metal059B,metal,Metal,https://ambientcg.com/get?file=Metal059B_1K-JPG.zip,4213800
Metal059C,metal,Metal,https://ambientcg.com/get?file=Metal059C_1K-JPG.zip,5671778
Metal060A,metal,Metal,https://ambientcg.com/get?file=Metal060A_1K-JPG.zip,2551149
Metal060B,metal,Metal,https://ambientcg.com/get?file=Metal060B_1K-JPG.zip,3733799
Metal060C,metal,Metal,https://ambientcg.com/get?file=Metal060C_1K-JPG.zip,5288660
Metal061A,metal,Metal,https://ambientcg.com/get?file=Metal061A_1K-JPG.zip,3536629
Metal061B,metal,Metal,https://ambientcg.com/get?file=Metal061B_1K-JPG.zip,4103510
Metal061C,metal,Metal,https://ambientcg.com/get?file=Metal061C_1K-JPG.zip,4912515
Metal062A,metal,Metal,https://ambientcg.com/get?file=Metal062A_1K-JPG.zip,2628395
Metal062B,metal,Metal,https://ambientcg.com/get?file=Metal062B_1K-JPG.zip,3757936
Metal062C,metal,Metal,https://ambientcg.com/get?file=Metal062C_1K-JPG.zip,6676361
Metal063,metal,Metal,https://ambientcg.com/get?file=Metal063_1K-JPG.zip,5620613
MetalPlates001,metal_plates,Metal Plates,https://ambientcg.com/get?file=MetalPlates001_1K-JPG.zip,5069618
MetalPlates002,metal_plates,Metal Plates,https://ambientcg.com/get?file=MetalPlates002_1K-JPG.zip,4738234
MetalPlates003,metal_plates,Metal Plates,https://ambientcg.com/get?file=MetalPlates003_1K-JPG.zip,4738541
MetalPlates004,metal_plates,Metal Plates,https://ambientcg.com/get?file=MetalPlates004_1K-JPG.zip,3086111
MetalPlates005,metal_plates,Metal Plates,https://ambientcg.com/get?file=MetalPlates005_1K-JPG.zip,3155480
MetalPlates006,metal_plates,Metal Plates,https://ambientcg.com/get?file=MetalPlates006_1K-JPG.zip,5247281
MetalPlates007,metal_plates,Metal Plates,https://ambientcg.com/get?file=MetalPlates007_1K-JPG.zip,3780912
MetalPlates008,metal_plates,Metal Plates,https://ambientcg.com/get?file=MetalPlates008_1K-JPG.zip,3608831
MetalPlates009,metal_plates,Metal Plates,https://ambientcg.com/get?file=MetalPlates009_1K-JPG.zip,3712275
MetalPlates010,metal_plates,Metal Plates,https://ambientcg.com/get?file=MetalPlates010_1K-JPG.zip,7638462
MetalPlates011,metal_plates,Metal Plates,https://ambientcg.com/get?file=MetalPlates011_1K-JPG.zip,6791524
MetalPlates012,metal_plates,Metal Plates,https://ambientcg.com/get?file=MetalPlates012_1K-JPG.zip,8262778
MetalPlates013,metal_plates,Metal Plates,https://ambientcg.com/get?file=MetalPlates013_1K-JPG.zip,7022039
MetalPlates014,metal_plates,Metal Plates,https://ambientcg.com/get?file=MetalPlates014_1K-JPG.zip,5159963
MetalPlates015A,metal_plates,Metal Plates,https://ambientcg.com/get?file=MetalPlates015A_1K-JPG.zip,5282007
MetalPlates015B,metal_plates,Metal Plates,https://ambientcg.com/get?file=MetalPlates015B_1K-JPG.zip,5818502
MetalPlates016A,metal_plates,Metal Plates,https://ambientcg.com/get?file=MetalPlates016A_1K-JPG.zip,4583223
MetalPlates016B,metal_plates,Metal Plates,https://ambientcg.com/get?file=MetalPlates016B_1K-JPG.zip,5054287
MetalPlates017A,metal_plates,Metal Plates,https://ambientcg.com/get?file=MetalPlates017A_1K-JPG.zip,7119737
MetalPlates017B,metal_plates,Metal Plates,https://ambientcg.com/get?file=MetalPlates017B_1K-JPG.zip,8192444
PavingStones001,paving_stones,Paving Stones,https://ambientcg.com/get?file=PavingStones001_1K-JPG.zip,7188000
PavingStones002,paving_stones,Paving Stones,https://ambientcg.com/get?file=PavingStones002_1K-JPG.zip,6935598
PavingStones003,paving_stones,Paving Stones,https://ambientcg.com/get?file=PavingStones003_1K-JPG.zip,8041358
PavingStones004,paving_stones,Paving Stones,https://ambientcg.com/get?file=PavingStones004_1K-JPG.zip,7226696
PavingStones005,paving_stones,Paving Stones,https://ambientcg.com/get?file=PavingStones005_1K-JPG.zip,9225162
PavingStones006,paving_stones,Paving Stones,https://ambientcg.com/get?file=PavingStones006_1K-JPG.zip,8777366
PavingStones007,paving_stones,Paving Stones,https://ambientcg.com/get?file=PavingStones007_1K-JPG.zip,8936995
PavingStones008,paving_stones,Paving Stones,https://ambientcg.com/get?file=PavingStones008_1K-JPG.zip,9085019
PavingStones009,paving_stones,Paving Stones,https://ambientcg.com/get?file=PavingStones009_1K-JPG.zip,8664125
PavingStones010,paving_stones,Paving Stones,https://ambientcg.com/get?file=PavingStones010_1K-JPG.zip,9624155
PavingStones011,paving_stones,Paving Stones,https://ambientcg.com/get?file=PavingStones011_1K-JPG.zip,9298430
PavingStones012,paving_stones,Paving Stones,https://ambientcg.com/get?file=PavingStones012_1K-JPG.zip,9474581
PavingStones013,paving_stones,Paving Stones,https://ambientcg.com/get?file=PavingStones013_1K-JPG.zip,8734726
PavingStones014,paving_stones,Paving Stones,https://ambientcg.com/get?file=PavingStones014_1K-JPG.zip,8893214
PavingStones015,paving_stones,Paving Stones,https://ambientcg.com/get?file=PavingStones015_1K-JPG.zip,8331702
PavingStones016,paving_stones,Paving Stones,https://ambientcg.com/get?file=PavingStones016_1K-JPG.zip,8995292
PavingStones017,paving_stones,Paving Stones,https://ambientcg.com/get?file=PavingStones017_1K-JPG.zip,8708271
PavingStones018,paving_stones,Paving Stones,https://ambientcg.com/get?file=PavingStones018_1K-JPG.zip,9173322
PavingStones019,paving_stones,Paving Stones,https://ambientcg.com/get?file=PavingStones019_1K-JPG.zip,8306847
PavingStones020,paving_stones,Paving Stones,https://ambientcg.com/get?file=PavingStones020_1K-JPG.zip,7450528
PavingStones021,paving_stones,Paving Stones,https://ambientcg.com/get?file=PavingStones021_1K-JPG.zip,9240869
PavingStones022,paving_stones,Paving Stones,https://ambientcg.com/get?file=PavingStones022_1K-JPG.zip,7982633
PavingStones023,paving_stones,Paving Stones,https://ambientcg.com/get?file=PavingStones023_1K-JPG.zip,8388686
PavingStones024,paving_stones,Paving Stones,https://ambientcg.com/get?file=PavingStones024_1K-JPG.zip,9355145
PavingStones025,paving_stones,Paving Stones,https://ambientcg.com/get?file=PavingStones025_1K-JPG.zip,7993184
PavingStones026,paving_stones,Paving Stones,https://ambientcg.com/get?file=PavingStones026_1K-JPG.zip,7764935
PavingStones027,paving_stones,Paving Stones,https://ambientcg.com/get?file=PavingStones027_1K-JPG.zip,9754022
PavingStones028,paving_stones,Paving Stones,https://ambientcg.com/get?file=PavingStones028_1K-JPG.zip,9008791
PavingStones029,paving_stones,Paving Stones,https://ambientcg.com/get?file=PavingStones029_1K-JPG.zip,7596813
PavingStones030,paving_stones,Paving Stones,https://ambientcg.com/get?file=PavingStones030_1K-JPG.zip,8619897
PavingStones031,paving_stones,Paving Stones,https://ambientcg.com/get?file=PavingStones031_1K-JPG.zip,7995308
PavingStones032,paving_stones,Paving Stones,https://ambientcg.com/get?file=PavingStones032_1K-JPG.zip,8357696
PavingStones033,paving_stones,Paving Stones,https://ambientcg.com/get?file=PavingStones033_1K-JPG.zip,8697023
PavingStones034,paving_stones,Paving Stones,https://ambientcg.com/get?file=PavingStones034_1K-JPG.zip,9411995
PavingStones035,paving_stones,Paving Stones,https://ambientcg.com/get?file=PavingStones035_1K-JPG.zip,7218758
PavingStones036,paving_stones,Paving Stones,https://ambientcg.com/get?file=PavingStones036_1K-JPG.zip,9354813
PavingStones037,paving_stones,Paving Stones,https://ambientcg.com/get?file=PavingStones037_1K-JPG.zip,8595258
PavingStones038,paving_stones,Paving Stones,https://ambientcg.com/get?file=PavingStones038_1K-JPG.zip,7946062
PavingStones039,paving_stones,Paving Stones,https://ambientcg.com/get?file=PavingStones039_1K-JPG.zip,8771736
PavingStones040,paving_stones,Paving Stones,https://ambientcg.com/get?file=PavingStones040_1K-JPG.zip,9381562
PavingStones041,paving_stones,Paving Stones,https://ambientcg.com/get?file=PavingStones041_1K-JPG.zip,9829306
PavingStones042,paving_stones,Paving Stones,https://ambientcg.com/get?file=PavingStones042_1K-JPG.zip,8562258
PavingStones043,paving_stones,Paving Stones,https://ambientcg.com/get?file=PavingStones043_1K-JPG.zip,8271484
PavingStones044,paving_stones,Paving Stones,https://ambientcg.com/get?file=PavingStones044_1K-JPG.zip,9438785
PavingStones045,paving_stones,Paving Stones,https://ambientcg.com/get?file=PavingStones045_1K-JPG.zip,8119895
PavingStones046,paving_stones,Paving Stones,https://ambientcg.com/get?file=PavingStones046_1K-JPG.zip,8341959
PavingStones047,paving_stones,Paving Stones,https://ambientcg.com/get?file=PavingStones047_1K-JPG.zip,10153060
PavingStones048,paving_stones,Paving Stones,https://ambientcg.com/get?file=PavingStones048_1K-JPG.zip,9572319
PavingStones049,paving_stones,Paving Stones,https://ambientcg.com/get?file=PavingStones049_1K-JPG.zip,9633613
PavingStones050,paving_stones,Paving Stones,https://ambientcg.com/get?file=PavingStones050_1K-JPG.zip,9820494
PavingStones051,paving_stones,Paving Stones,https://ambientcg.com/get?file=PavingStones051_1K-JPG.zip,8905582
PavingStones052,paving_stones,Paving Stones,https://ambientcg.com/get?file=PavingStones052_1K-JPG.zip,7971293
PavingStones053,paving_stones,Paving Stones,https://ambientcg.com/get?file=PavingStones053_1K-JPG.zip,9883172
PavingStones054,paving_stones,Paving Stones,https://ambientcg.com/get?file=PavingStones054_1K-JPG.zip,6941098
PavingStones055,paving_stones,Paving Stones,https://ambientcg.com/get?file=PavingStones055_1K-JPG.zip,9279360
PavingStones056,paving_stones,Paving Stones,https://ambientcg.com/get?file=PavingStones056_1K-JPG.zip,9586921
PavingStones057,paving_stones,Paving Stones,https://ambientcg.com/get?file=PavingStones057_1K-JPG.zip,9566875
PavingStones058,paving_stones,Paving Stones,https://ambientcg.com/get?file=PavingStones058_1K-JPG.zip,9637898
PavingStones059,paving_stones,Paving Stones,https://ambientcg.com/get?file=PavingStones059_1K-JPG.zip,9700832
PavingStones060,paving_stones,Paving Stones,https://ambientcg.com/get?file=PavingStones060_1K-JPG.zip,9578744
PavingStones061,paving_stones,Paving Stones,https://ambientcg.com/get?file=PavingStones061_1K-JPG.zip,9640359
PavingStones062,paving_stones,Paving Stones,https://ambientcg.com/get?file=PavingStones062_1K-JPG.zip,9617536
PavingStones063,paving_stones,Paving Stones,https://ambientcg.com/get?file=PavingStones063_1K-JPG.zip,9645661
PavingStones064,paving_stones,Paving Stones,https://ambientcg.com/get?file=PavingStones064_1K-JPG.zip,9598627
PavingStones065,paving_stones,Paving Stones,https://ambientcg.com/get?file=PavingStones065_1K-JPG.zip,9773739
PavingStones066,paving_stones,Paving Stones,https://ambientcg.com/get?file=PavingStones066_1K-JPG.zip,9393173
PavingStones067,paving_stones,Paving Stones,https://ambientcg.com/get?file=PavingStones067_1K-JPG.zip,8238944
PavingStones068,paving_stones,Paving Stones,https://ambientcg.com/get?file=PavingStones068_1K-JPG.zip,8979522
PavingStones069,paving_stones,Paving Stones,https://ambientcg.com/get?file=PavingStones069_1K-JPG.zip,4624865
PavingStones070,paving_stones,Paving Stones,https://ambientcg.com/get?file=PavingStones070_1K-JPG.zip,9046803
PavingStones071,paving_stones,Paving Stones,https://ambientcg.com/get?file=PavingStones071_1K-JPG.zip,7459760
PavingStones072,paving_stones,Paving Stones,https://ambientcg.com/get?file=PavingStones072_1K-JPG.zip,7928705
PavingStones073,paving_stones,Paving Stones,https://ambientcg.com/get?file=PavingStones073_1K-JPG.zip,7881297
PavingStones074,paving_stones,Paving Stones,https://ambientcg.com/get?file=PavingStones074_1K-JPG.zip,7905559
PavingStones075,paving_stones,Paving Stones,https://ambientcg.com/get?file=PavingStones075_1K-JPG.zip,7973640
PavingStones076,paving_stones,Paving Stones,https://ambientcg.com/get?file=PavingStones076_1K-JPG.zip,8171844
PavingStones077,paving_stones,Paving Stones,https://ambientcg.com/get?file=PavingStones077_1K-JPG.zip,7697063
PavingStones078,paving_stones,Paving Stones,https://ambientcg.com/get?file=PavingStones078_1K-JPG.zip,7941669
PavingStones079,paving_stones,Paving Stones,https://ambientcg.com/get?file=PavingStones079_1K-JPG.zip,8077418
PavingStones080,paving_stones,Paving Stones,https://ambientcg.com/get?file=PavingStones080_1K-JPG.zip,8175078
PavingStones081,paving_stones,Paving Stones,https://ambientcg.com/get?file=PavingStones081_1K-JPG.zip,7665556
PavingStones082,paving_stones,Paving Stones,https://ambientcg.com/get?file=PavingStones082_1K-JPG.zip,7921615
PavingStones083,paving_stones,Paving Stones,https://ambientcg.com/get?file=PavingStones083_1K-JPG.zip,7931686
PavingStones084,paving_stones,Paving Stones,https://ambientcg.com/get?file=PavingStones084_1K-JPG.zip,9120829
PavingStones085,paving_stones,Paving Stones,https://ambientcg.com/get?file=PavingStones085_1K-JPG.zip,8941099
PavingStones086,paving_stones,Paving Stones,https://ambientcg.com/get?file=PavingStones086_1K-JPG.zip,8836426
PavingStones087,paving_stones,Paving Stones,https://ambientcg.com/get?file=PavingStones087_1K-JPG.zip,8553072
PavingStones088,paving_stones,Paving Stones,https://ambientcg.com/get?file=PavingStones088_1K-JPG.zip,8835051
PavingStones089,paving_stones,Paving Stones,https://ambientcg.com/get?file=PavingStones089_1K-JPG.zip,9054936
PavingStones090,paving_stones,Paving Stones,https://ambientcg.com/get?file=PavingStones090_1K-JPG.zip,8883141
PavingStones091,paving_stones,Paving Stones,https://ambientcg.com/get?file=PavingStones091_1K-JPG.zip,8660522
PavingStones092,paving_stones,Paving Stones,https://ambientcg.com/get?file=PavingStones092_1K-JPG.zip,9015156
PavingStones093,paving_stones,Paving Stones,https://ambientcg.com/get?file=PavingStones093_1K-JPG.zip,8068288
PavingStones094,paving_stones,Paving Stones,https://ambientcg.com/get?file=PavingStones094_1K-JPG.zip,7979067
PavingStones095,paving_stones,Paving Stones,https://ambientcg.com/get?file=PavingStones095_1K-JPG.zip,7858919
PavingStones096,paving_stones,Paving Stones,https://ambientcg.com/get?file=PavingStones096_1K-JPG.zip,8220468
PavingStones097,paving_stones,Paving Stones,https://ambientcg.com/get?file=PavingStones097_1K-JPG.zip,8405041
PavingStones098,paving_stones,Paving Stones,https://ambientcg.com/get?file=PavingStones098_1K-JPG.zip,7681221
PavingStones099,paving_stones,Paving Stones,https://ambientcg.com/get?file=PavingStones099_1K-JPG.zip,7248486
PavingStones100,paving_stones,Paving Stones,https://ambientcg.com/get?file=PavingStones100_1K-JPG.zip,7948189
PavingStones101,paving_stones,Paving Stones,https://ambientcg.com/get?file=PavingStones101_1K-JPG.zip,8214494
PavingStones102,paving_stones,Paving Stones,https://ambientcg.com/get?file=PavingStones102_1K-JPG.zip,7610496
PavingStones103,paving_stones,Paving Stones,https://ambientcg.com/get?file=PavingStones103_1K-JPG.zip,8108745
PavingStones104,paving_stones,Paving Stones,https://ambientcg.com/get?file=PavingStones104_1K-JPG.zip,7402951
PavingStones105,paving_stones,Paving Stones,https://ambientcg.com/get?file=PavingStones105_1K-JPG.zip,7363328
PavingStones106,paving_stones,Paving Stones,https://ambientcg.com/get?file=PavingStones106_1K-JPG.zip,7511977
PavingStones107,paving_stones,Paving Stones,https://ambientcg.com/get?file=PavingStones107_1K-JPG.zip,8805645
PavingStones108,paving_stones,Paving Stones,https://ambientcg.com/get?file=PavingStones108_1K-JPG.zip,9380384
PavingStones109,paving_stones,Paving Stones,https://ambientcg.com/get?file=PavingStones109_1K-JPG.zip,8913076
PavingStones110,paving_stones,Paving Stones,https://ambientcg.com/get?file=PavingStones110_1K-JPG.zip,4423792
PavingStones111,paving_stones,Paving Stones,https://ambientcg.com/get?file=PavingStones111_1K-JPG.zip,4675374
PavingStones112,paving_stones,Paving Stones,https://ambientcg.com/get?file=PavingStones112_1K-JPG.zip,9156275
PavingStones113,paving_stones,Paving Stones,https://ambientcg.com/get?file=PavingStones113_1K-JPG.zip,9510628
PavingStones114,paving_stones,Paving Stones,https://ambientcg.com/get?file=PavingStones114_1K-JPG.zip,8537565
PavingStones115A,paving_stones,Paving Stones,https://ambientcg.com/get?file=PavingStones115A_1K-JPG.zip,8451632
PavingStones115B,paving_stones,Paving Stones,https://ambientcg.com/get?file=PavingStones115B_1K-JPG.zip,8676250
PavingStones115C,paving_stones,Paving Stones,https://ambientcg.com/get?file=PavingStones115C_1K-JPG.zip,7578584
PavingStones116,paving_stones,Paving Stones,https://ambientcg.com/get?file=PavingStones116_1K-JPG.zip,8742962
PavingStones117,paving_stones,Paving Stones,https://ambientcg.com/get?file=PavingStones117_1K-JPG.zip,9641750
PavingStones118,paving_stones,Paving Stones,https://ambientcg.com/get?file=PavingStones118_1K-JPG.zip,8891000
PavingStones119,paving_stones,Paving Stones,https://ambientcg.com/get?file=PavingStones119_1K-JPG.zip,8986871
PavingStones120,paving_stones,Paving Stones,https://ambientcg.com/get?file=PavingStones120_1K-JPG.zip,9573018
PavingStones121,paving_stones,Paving Stones,https://ambientcg.com/get?file=PavingStones121_1K-JPG.zip,4919373
PavingStones122,paving_stones,Paving Stones,https://ambientcg.com/get?file=PavingStones122_1K-JPG.zip,5116364
PavingStones123,paving_stones,Paving Stones,https://ambientcg.com/get?file=PavingStones123_1K-JPG.zip,8426679
PavingStones124,paving_stones,Paving Stones,https://ambientcg.com/get?file=PavingStones124_1K-JPG.zip,8506092
PavingStones125A,paving_stones,Paving Stones,https://ambientcg.com/get?file=PavingStones125A_1K-JPG.zip,8537423
PavingStones125B,paving_stones,Paving Stones,https://ambientcg.com/get?file=PavingStones125B_1K-JPG.zip,8486669
PavingStones126A,paving_stones,Paving Stones,https://ambientcg.com/get?file=PavingStones126A_1K-JPG.zip,8570779
PavingStones126B,paving_stones,Paving Stones,https://ambientcg.com/get?file=PavingStones126B_1K-JPG.zip,8504360
PavingStones127,paving_stones,Paving Stones,https://ambientcg.com/get?file=PavingStones127_1K-JPG.zip,8404017
PavingStones128,paving_stones,Paving Stones,https://ambientcg.com/get?file=PavingStones128_1K-JPG.zip,8382429
PavingStones129,paving_stones,Paving Stones,https://ambientcg.com/get?file=PavingStones129_1K-JPG.zip,8329398
PavingStones130,paving_stones,Paving Stones,https://ambientcg.com/get?file=PavingStones130_1K-JPG.zip,9135555
PavingStones131,paving_stones,Paving Stones,https://ambientcg.com/get?file=PavingStones131_1K-JPG.zip,9241016
PavingStones132,paving_stones,Paving Stones,https://ambientcg.com/get?file=PavingStones132_1K-JPG.zip,6777168
PavingStones133,paving_stones,Paving Stones,https://ambientcg.com/get?file=PavingStones133_1K-JPG.zip,6781899
PavingStones134,paving_stones,Paving Stones,https://ambientcg.com/get?file=PavingStones134_1K-JPG.zip,8608664
PavingStones135,paving_stones,Paving Stones,https://ambientcg.com/get?file=PavingStones135_1K-JPG.zip,8812897
PavingStones136,paving_stones,Paving Stones,https://ambientcg.com/get?file=PavingStones136_1K-JPG.zip,6477861
PavingStones137,paving_stones,Paving Stones,https://ambientcg.com/get?file=PavingStones137_1K-JPG.zip,7672097
PavingStones138,paving_stones,Paving Stones,https://ambientcg.com/get?file=PavingStones138_1K-JPG.zip,4905149
PavingStones139,paving_stones,Paving Stones,https://ambientcg.com/get?file=PavingStones139_1K-JPG.zip,9429645
PavingStones140,paving_stones,Paving Stones,https://ambientcg.com/get?file=PavingStones140_1K-JPG.zip,8815973
PavingStones141,paving_stones,Paving Stones,https://ambientcg.com/get?file=PavingStones141_1K-JPG.zip,9235036
PavingStones142,paving_stones,Paving Stones,https://ambientcg.com/get?file=PavingStones142_1K-JPG.zip,8528952
PavingStones143,paving_stones,Paving Stones,https://ambientcg.com/get?file=PavingStones143_1K-JPG.zip,5501318
PavingStones144,paving_stones,Paving Stones,https://ambientcg.com/get?file=PavingStones144_1K-JPG.zip,8486045
PavingStones145,paving_stones,Paving Stones,https://ambientcg.com/get?file=PavingStones145_1K-JPG.zip,8787858
PavingStones146,paving_stones,Paving Stones,https://ambientcg.com/get?file=PavingStones146_1K-JPG.zip,8785232
PavingStones147,paving_stones,Paving Stones,https://ambientcg.com/get?file=PavingStones147_1K-JPG.zip,9446063
PavingStones148,paving_stones,Paving Stones,https://ambientcg.com/get?file=PavingStones148_1K-JPG.zip,9072807
PavingStones149,paving_stones,Paving Stones,https://ambientcg.com/get?file=PavingStones149_1K-JPG.zip,5350183
PavingStones150,paving_stones,Paving Stones,https://ambientcg.com/get?file=PavingStones150_1K-JPG.zip,5336973
PavingStones151,paving_stones,Paving Stones,https://ambientcg.com/get?file=PavingStones151_1K-JPG.zip,8736158
Planks001,planks,Planks,https://ambientcg.com/get?file=Planks001_1K-JPG.zip,6582184
Planks002,planks,Planks,https://ambientcg.com/get?file=Planks002_1K-JPG.zip,6680972
Planks003,planks,Planks,https://ambientcg.com/get?file=Planks003_1K-JPG.zip,8187838
Planks004,planks,Planks,https://ambientcg.com/get?file=Planks004_1K-JPG.zip,8027969
Planks005,planks,Planks,https://ambientcg.com/get?file=Planks005_1K-JPG.zip,8074097
Planks006,planks,Planks,https://ambientcg.com/get?file=Planks006_1K-JPG.zip,9136017
Planks007,planks,Planks,https://ambientcg.com/get?file=Planks007_1K-JPG.zip,8268225
Planks008,planks,Planks,https://ambientcg.com/get?file=Planks008_1K-JPG.zip,6003188
Planks009,planks,Planks,https://ambientcg.com/get?file=Planks009_1K-JPG.zip,6999694
Planks010,planks,Planks,https://ambientcg.com/get?file=Planks010_1K-JPG.zip,6860462
Planks011,planks,Planks,https://ambientcg.com/get?file=Planks011_1K-JPG.zip,8675439
Planks012,planks,Planks,https://ambientcg.com/get?file=Planks012_1K-JPG.zip,8489110
Planks013,planks,Planks,https://ambientcg.com/get?file=Planks013_1K-JPG.zip,8669207
Planks014,planks,Planks,https://ambientcg.com/get?file=Planks014_1K-JPG.zip,9284689
Planks015,planks,Planks,https://ambientcg.com/get?file=Planks015_1K-JPG.zip,9684049
Planks016,planks,Planks,https://ambientcg.com/get?file=Planks016_1K-JPG.zip,9186205
Planks017,planks,Planks,https://ambientcg.com/get?file=Planks017_1K-JPG.zip,8820476
Planks018,planks,Planks,https://ambientcg.com/get?file=Planks018_1K-JPG.zip,9141607
Planks019,planks,Planks,https://ambientcg.com/get?file=Planks019_1K-JPG.zip,8483591
Planks020,planks,Planks,https://ambientcg.com/get?file=Planks020_1K-JPG.zip,7864193
Planks021,planks,Planks,https://ambientcg.com/get?file=Planks021_1K-JPG.zip,7052612
Planks022,planks,Planks,https://ambientcg.com/get?file=Planks022_1K-JPG.zip,7793709
Planks023A,planks,Planks,https://ambientcg.com/get?file=Planks023A_1K-JPG.zip,6793089
Planks023B,planks,Planks,https://ambientcg.com/get?file=Planks023B_1K-JPG.zip,6921464
Planks023C,planks,Planks,https://ambientcg.com/get?file=Planks023C_1K-JPG.zip,7210903
Planks024A,planks,Planks,https://ambientcg.com/get?file=Planks024A_1K-JPG.zip,6879136
Planks024B,planks,Planks,https://ambientcg.com/get?file=Planks024B_1K-JPG.zip,6924097
Planks024C,planks,Planks,https://ambientcg.com/get?file=Planks024C_1K-JPG.zip,7142617
Planks025A,planks,Planks,https://ambientcg.com/get?file=Planks025A_1K-JPG.zip,7402439
Planks025B,planks,Planks,https://ambientcg.com/get?file=Planks025B_1K-JPG.zip,7495702
Planks025C,planks,Planks,https://ambientcg.com/get?file=Planks025C_1K-JPG.zip,7553282
Planks026A,planks,Planks,https://ambientcg.com/get?file=Planks026A_1K-JPG.zip,7220233
Planks026B,planks,Planks,https://ambientcg.com/get?file=Planks026B_1K-JPG.zip,7395904
Planks026C,planks,Planks,https://ambientcg.com/get?file=Planks026C_1K-JPG.zip,7732870
Planks027A,planks,Planks,https://ambientcg.com/get?file=Planks027A_1K-JPG.zip,7201799
Planks027B,planks,Planks,https://ambientcg.com/get?file=Planks027B_1K-JPG.zip,7315969
Planks027C,planks,Planks,https://ambientcg.com/get?file=Planks027C_1K-JPG.zip,7544203
Planks028,planks,Planks,https://ambientcg.com/get?file=Planks028_1K-JPG.zip,6687301
Planks029L,planks,Planks,https://ambientcg.com/get?file=Planks029L_1K-JPG.zip,8238120
Planks029S,planks,Planks,https://ambientcg.com/get?file=Planks029S_1K-JPG.zip,8314542
Planks030A,planks,Planks,https://ambientcg.com/get?file=Planks030A_1K-JPG.zip,8236317
Planks030B,planks,Planks,https://ambientcg.com/get?file=Planks030B_1K-JPG.zip,8205160
Planks030C,planks,Planks,https://ambientcg.com/get?file=Planks030C_1K-JPG.zip,8025988
Planks031A,planks,Planks,https://ambientcg.com/get?file=Planks031A_1K-JPG.zip,8240131
Planks031B,planks,Planks,https://ambientcg.com/get?file=Planks031B_1K-JPG.zip,8216097
Planks031C,planks,Planks,https://ambientcg.com/get?file=Planks031C_1K-JPG.zip,8181069
Planks032,planks,Planks,https://ambientcg.com/get?file=Planks032_1K-JPG.zip,8519345
Planks033A,planks,Planks,https://ambientcg.com/get?file=Planks033A_1K-JPG.zip,6242936
Planks033B,planks,Planks,https://ambientcg.com/get?file=Planks033B_1K-JPG.zip,6128783
Planks034A,planks,Planks,https://ambientcg.com/get?file=Planks034A_1K-JPG.zip,6462054
Planks034B,planks,Planks,https://ambientcg.com/get?file=Planks034B_1K-JPG.zip,6354881
Planks035A,planks,Planks,https://ambientcg.com/get?file=Planks035A_1K-JPG.zip,6461253
Planks035B,planks,Planks,https://ambientcg.com/get?file=Planks035B_1K-JPG.zip,6339245
Planks036A,planks,Planks,https://ambientcg.com/get?file=Planks036A_1K-JPG.zip,5969765
Planks036B,planks,Planks,https://ambientcg.com/get?file=Planks036B_1K-JPG.zip,5845978
Planks037A,planks,Planks,https://ambientcg.com/get?file=Planks037A_1K-JPG.zip,5823702
Planks037B,planks,Planks,https://ambientcg.com/get?file=Planks037B_1K-JPG.zip,5710064
Planks038,planks,Planks,https://ambientcg.com/get?file=Planks038_1K-JPG.zip,4482517
Planks039,planks,Planks,https://ambientcg.com/get?file=Planks039_1K-JPG.zip,4109128
Plastic001,plastic,Plastic,https://ambientcg.com/get?file=Plastic001_1K-JPG.zip,6634430
Plastic002,plastic,Plastic,https://ambientcg.com/get?file=Plastic002_1K-JPG.zip,7778904
Plastic003,plastic,Plastic,https://ambientcg.com/get?file=Plastic003_1K-JPG.zip,6116809
Plastic004,plastic,Plastic,https://ambientcg.com/get?file=Plastic004_1K-JPG.zip,8008976
Plastic005,plastic,Plastic,https://ambientcg.com/get?file=Plastic005_1K-JPG.zip,5182841
Plastic006,plastic,Plastic,https://ambientcg.com/get?file=Plastic006_1K-JPG.zip,4454894
Plastic007,plastic,Plastic,https://ambientcg.com/get?file=Plastic007_1K-JPG.zip,5048668
Plastic008,plastic,Plastic,https://ambientcg.com/get?file=Plastic008_1K-JPG.zip,4465917
Plastic009,plastic,Plastic,https://ambientcg.com/get?file=Plastic009_1K-JPG.zip,3656853
Plastic010,plastic,Plastic,https://ambientcg.com/get?file=Plastic010_1K-JPG.zip,3535012
Plastic011,plastic,Plastic,https://ambientcg.com/get?file=Plastic011_1K-JPG.zip,3965484
Plastic012A,plastic,Plastic,https://ambientcg.com/get?file=Plastic012A_1K-JPG.zip,6372576
Plastic012B,plastic,Plastic,https://ambientcg.com/get?file=Plastic012B_1K-JPG.zip,6469720
Plastic013A,plastic,Plastic,https://ambientcg.com/get?file=Plastic013A_1K-JPG.zip,6300537
Plastic013B,plastic,Plastic,https://ambientcg.com/get?file=Plastic013B_1K-JPG.zip,6487400
Plastic014A,plastic,Plastic,https://ambientcg.com/get?file=Plastic014A_1K-JPG.zip,4970777
Plastic014B,plastic,Plastic,https://ambientcg.com/get?file=Plastic014B_1K-JPG.zip,5956782
Plastic015A,plastic,Plastic,https://ambientcg.com/get?file=Plastic015A_1K-JPG.zip,3918059
Plastic015B,plastic,Plastic,https://ambientcg.com/get?file=Plastic015B_1K-JPG.zip,4579968
Plastic016A,plastic,Plastic,https://ambientcg.com/get?file=Plastic016A_1K-JPG.zip,3386788
Plastic016B,plastic,Plastic,https://ambientcg.com/get?file=Plastic016B_1K-JPG.zip,4219788
Plastic017A,plastic,Plastic,https://ambientcg.com/get?file=Plastic017A_1K-JPG.zip,2902204
Plastic017B,plastic,Plastic,https://ambientcg.com/get?file=Plastic017B_1K-JPG.zip,5298818
Plastic018A,plastic,Plastic,https://ambientcg.com/get?file=Plastic018A_1K-JPG.zip,6430118
Plastic018B,plastic,Plastic,https://ambientcg.com/get?file=Plastic018B_1K-JPG.zip,6768772
Road001,road,Road,https://ambientcg.com/get?file=Road001_1K-JPG.zip,6990690
Road002,road,Road,https://ambientcg.com/get?file=Road002_1K-JPG.zip,7654047
Road003,road,Road,https://ambientcg.com/get?file=Road003_1K-JPG.zip,7232008
Road004,road,Road,https://ambientcg.com/get?file=Road004_1K-JPG.zip,7816057
Road005,road,Road,https://ambientcg.com/get?file=Road005_1K-JPG.zip,7755629
Road006,road,Road,https://ambientcg.com/get?file=Road006_1K-JPG.zip,6686921
Road007,road,Road,https://ambientcg.com/get?file=Road007_1K-JPG.zip,6520659
Road008A,road,Road,https://ambientcg.com/get?file=Road008A_1K-JPG.zip,8046136
Road008B,road,Road,https://ambientcg.com/get?file=Road008B_1K-JPG.zip,7882601
Road008C,road,Road,https://ambientcg.com/get?file=Road008C_1K-JPG.zip,7561932
Road009A,road,Road,https://ambientcg.com/get?file=Road009A_1K-JPG.zip,7986983
Road009B,road,Road,https://ambientcg.com/get?file=Road009B_1K-JPG.zip,7637759
Road009C,road,Road,https://ambientcg.com/get?file=Road009C_1K-JPG.zip,7795234
Road010A,road,Road,https://ambientcg.com/get?file=Road010A_1K-JPG.zip,8040973
Road010B,road,Road,https://ambientcg.com/get?file=Road010B_1K-JPG.zip,7979784
Road010C,road,Road,https://ambientcg.com/get?file=Road010C_1K-JPG.zip,8537662
Road011A,road,Road,https://ambientcg.com/get?file=Road011A_1K-JPG.zip,7902847
Road011B,road,Road,https://ambientcg.com/get?file=Road011B_1K-JPG.zip,7385734
Road011C,road,Road,https://ambientcg.com/get?file=Road011C_1K-JPG.zip,7241679
Road012A,road,Road,https://ambientcg.com/get?file=Road012A_1K-JPG.zip,8289146
Road012B,road,Road,https://ambientcg.com/get?file=Road012B_1K-JPG.zip,8243211
Road012C,road,Road,https://ambientcg.com/get?file=Road012C_1K-JPG.zip,9096336
Road013A,road,Road,https://ambientcg.com/get?file=Road013A_1K-JPG.zip,8055516
Road013B,road,Road,https://ambientcg.com/get?file=Road013B_1K-JPG.zip,7933510
Road013C,road,Road,https://ambientcg.com/get?file=Road013C_1K-JPG.zip,7789674
Road014A,road,Road,https://ambientcg.com/get?file=Road014A_1K-JPG.zip,8160497
Road014B,road,Road,https://ambientcg.com/get?file=Road014B_1K-JPG.zip,7816278
Road014C,road,Road,https://ambientcg.com/get?file=Road014C_1K-JPG.zip,8174931
Road015A,road,Road,https://ambientcg.com/get?file=Road015A_1K-JPG.zip,8073363
Road015B,road,Road,https://ambientcg.com/get?file=Road015B_1K-JPG.zip,7894388
Road015C,road,Road,https://ambientcg.com/get?file=Road015C_1K-JPG.zip,8457725
Rock001,rock,Rock,https://ambientcg.com/get?file=Rock001_1K-JPG.zip,5884025
Rock002,rock,Rock,https://ambientcg.com/get?file=Rock002_1K-JPG.zip,8043921
Rock003,rock,Rock,https://ambientcg.com/get?file=Rock003_1K-JPG.zip,8784998
Rock004,rock,Rock,https://ambientcg.com/get?file=Rock004_1K-JPG.zip,9152146
Rock005,rock,Rock,https://ambientcg.com/get?file=Rock005_1K-JPG.zip,8956780
Rock006,rock,Rock,https://ambientcg.com/get?file=Rock006_1K-JPG.zip,7859111
Rock007,rock,Rock,https://ambientcg.com/get?file=Rock007_1K-JPG.zip,8240001
Rock008,rock,Rock,https://ambientcg.com/get?file=Rock008_1K-JPG.zip,7896731
Rock009,rock,Rock,https://ambientcg.com/get?file=Rock009_1K-JPG.zip,7693772
Rock010,rock,Rock,https://ambientcg.com/get?file=Rock010_1K-JPG.zip,8115751
Rock011,rock,Rock,https://ambientcg.com/get?file=Rock011_1K-JPG.zip,8457944
Rock012,rock,Rock,https://ambientcg.com/get?file=Rock012_1K-JPG.zip,8395230
Rock013,rock,Rock,https://ambientcg.com/get?file=Rock013_1K-JPG.zip,8029494
Rock014,rock,Rock,https://ambientcg.com/get?file=Rock014_1K-JPG.zip,8062848
Rock015,rock,Rock,https://ambientcg.com/get?file=Rock015_1K-JPG.zip,8352592
Rock016,rock,Rock,https://ambientcg.com/get?file=Rock016_1K-JPG.zip,7608372
Rock017,rock,Rock,https://ambientcg.com/get?file=Rock017_1K-JPG.zip,7872737
Rock018,rock,Rock,https://ambientcg.com/get?file=Rock018_1K-JPG.zip,7849833
Rock019,rock,Rock,https://ambientcg.com/get?file=Rock019_1K-JPG.zip,7103797
Rock020,rock,Rock,https://ambientcg.com/get?file=Rock020_1K-JPG.zip,8554571
Rock021,rock,Rock,https://ambientcg.com/get?file=Rock021_1K-JPG.zip,7110338
Rock022,rock,Rock,https://ambientcg.com/get?file=Rock022_1K-JPG.zip,8405011
Rock023,rock,Rock,https://ambientcg.com/get?file=Rock023_1K-JPG.zip,7832742
Rock024,rock,Rock,https://ambientcg.com/get?file=Rock024_1K-JPG.zip,8332391
Rock025,rock,Rock,https://ambientcg.com/get?file=Rock025_1K-JPG.zip,7211490
Rock026,rock,Rock,https://ambientcg.com/get?file=Rock026_1K-JPG.zip,7285475
Rock027,rock,Rock,https://ambientcg.com/get?file=Rock027_1K-JPG.zip,4790149
Rock028,rock,Rock,https://ambientcg.com/get?file=Rock028_1K-JPG.zip,9347866
Rock029,rock,Rock,https://ambientcg.com/get?file=Rock029_1K-JPG.zip,9625258
Rock030,rock,Rock,https://ambientcg.com/get?file=Rock030_1K-JPG.zip,9677446
Rock031,rock,Rock,https://ambientcg.com/get?file=Rock031_1K-JPG.zip,9462927
Rock032,rock,Rock,https://ambientcg.com/get?file=Rock032_1K-JPG.zip,9179434
Rock033,rock,Rock,https://ambientcg.com/get?file=Rock033_1K-JPG.zip,9642171
Rock034,rock,Rock,https://ambientcg.com/get?file=Rock034_1K-JPG.zip,9788464
Rock035,rock,Rock,https://ambientcg.com/get?file=Rock035_1K-JPG.zip,9547643
Rock036,rock,Rock,https://ambientcg.com/get?file=Rock036_1K-JPG.zip,10016685
Rock037,rock,Rock,https://ambientcg.com/get?file=Rock037_1K-JPG.zip,9666677
Rock038,rock,Rock,https://ambientcg.com/get?file=Rock038_1K-JPG.zip,9616837
Rock039,rock,Rock,https://ambientcg.com/get?file=Rock039_1K-JPG.zip,10007691
Rock040,rock,Rock,https://ambientcg.com/get?file=Rock040_1K-JPG.zip,9081513
Rock041,rock,Rock,https://ambientcg.com/get?file=Rock041_1K-JPG.zip,4798677
Rock042L,rock,Rock,https://ambientcg.com/get?file=Rock042L_1K-JPG.zip,8665274
Rock042S,rock,Rock,https://ambientcg.com/get?file=Rock042S_1K-JPG.zip,7767908
Rock043L,rock,Rock,https://ambientcg.com/get?file=Rock043L_1K-JPG.zip,9053679
Rock043S,rock,Rock,https://ambientcg.com/get?file=Rock043S_1K-JPG.zip,9149108
Rock044,rock,Rock,https://ambientcg.com/get?file=Rock044_1K-JPG.zip,8841576
Rock045,rock,Rock,https://ambientcg.com/get?file=Rock045_1K-JPG.zip,9339396
Rock046L,rock,Rock,https://ambientcg.com/get?file=Rock046L_1K-JPG.zip,10014550
Rock046S,rock,Rock,https://ambientcg.com/get?file=Rock046S_1K-JPG.zip,9576784
Rock047,rock,Rock,https://ambientcg.com/get?file=Rock047_1K-JPG.zip,10327854
Rock048,rock,Rock,https://ambientcg.com/get?file=Rock048_1K-JPG.zip,9016554
Rock049,rock,Rock,https://ambientcg.com/get?file=Rock049_1K-JPG.zip,9501542
Rock050,rock,Rock,https://ambientcg.com/get?file=Rock050_1K-JPG.zip,9286505
Rock051,rock,Rock,https://ambientcg.com/get?file=Rock051_1K-JPG.zip,8993166
Rock052,rock,Rock,https://ambientcg.com/get?file=Rock052_1K-JPG.zip,7972332
Rock053,rock,Rock,https://ambientcg.com/get?file=Rock053_1K-JPG.zip,9214375
Rock054,rock,Rock,https://ambientcg.com/get?file=Rock054_1K-JPG.zip,7351584
Rock055,rock,Rock,https://ambientcg.com/get?file=Rock055_1K-JPG.zip,4651651
Rock056,rock,Rock,https://ambientcg.com/get?file=Rock056_1K-JPG.zip,5115664
Rock057,rock,Rock,https://ambientcg.com/get?file=Rock057_1K-JPG.zip,5040666
Rock058,rock,Rock,https://ambientcg.com/get?file=Rock058_1K-JPG.zip,8109936
Rock059,rock,Rock,https://ambientcg.com/get?file=Rock059_1K-JPG.zip,7882552
Rock060,rock,Rock,https://ambientcg.com/get?file=Rock060_1K-JPG.zip,8028835
Rock061,rock,Rock,https://ambientcg.com/get?file=Rock061_1K-JPG.zip,7385919
Rock062,rock,Rock,https://ambientcg.com/get?file=Rock062_1K-JPG.zip,8175836
Rock063,rock,Rock,https://ambientcg.com/get?file=Rock063_1K-JPG.zip,4979523
Rock064,rock,Rock,https://ambientcg.com/get?file=Rock064_1K-JPG.zip,8205462
Rocks001,rock,Rocks,https://ambientcg.com/get?file=Rocks001_1K-JPG.zip,8025841
Rocks002,rock,Rocks,https://ambientcg.com/get?file=Rocks002_1K-JPG.zip,8575688
Rocks003,rock,Rocks,https://ambientcg.com/get?file=Rocks003_1K-JPG.zip,8273015
Rocks004,rock,Rocks,https://ambientcg.com/get?file=Rocks004_1K-JPG.zip,8119786
Rocks005,rock,Rocks,https://ambientcg.com/get?file=Rocks005_1K-JPG.zip,8888332
Rocks006,rock,Rocks,https://ambientcg.com/get?file=Rocks006_1K-JPG.zip,10650219
Rocks007,rock,Rocks,https://ambientcg.com/get?file=Rocks007_1K-JPG.zip,8910039
Rocks008,rock,Rocks,https://ambientcg.com/get?file=Rocks008_1K-JPG.zip,8954636
Rocks009,rock,Rocks,https://ambientcg.com/get?file=Rocks009_1K-JPG.zip,10278337
Rocks010,rock,Rocks,https://ambientcg.com/get?file=Rocks010_1K-JPG.zip,9099292
Rocks011,rock,Rocks,https://ambientcg.com/get?file=Rocks011_1K-JPG.zip,8373101
Rocks012,rock,Rocks,https://ambientcg.com/get?file=Rocks012_1K-JPG.zip,7764703
Rocks013,rock,Rocks,https://ambientcg.com/get?file=Rocks013_1K-JPG.zip,8534740
Rocks014,rock,Rocks,https://ambientcg.com/get?file=Rocks014_1K-JPG.zip,9624795
Rocks015,rock,Rocks,https://ambientcg.com/get?file=Rocks015_1K-JPG.zip,9011034
Rocks016,rock,Rocks,https://ambientcg.com/get?file=Rocks016_1K-JPG.zip,7148628
Rocks017,rock,Rocks,https://ambientcg.com/get?file=Rocks017_1K-JPG.zip,8428370
Rocks018,rock,Rocks,https://ambientcg.com/get?file=Rocks018_1K-JPG.zip,8620865
Rocks019,rock,Rocks,https://ambientcg.com/get?file=Rocks019_1K-JPG.zip,9084132
Rocks020,rock,Rocks,https://ambientcg.com/get?file=Rocks020_1K-JPG.zip,9305688
Rocks021,rock,Rocks,https://ambientcg.com/get?file=Rocks021_1K-JPG.zip,9514385
Rocks022,rock,Rocks,https://ambientcg.com/get?file=Rocks022_1K-JPG.zip,9367268
Rocks023,rock,Rocks,https://ambientcg.com/get?file=Rocks023_1K-JPG.zip,9404190
Rocks024L,rock,Rocks,https://ambientcg.com/get?file=Rocks024L_1K-JPG.zip,9364905
Rocks024S,rock,Rocks,https://ambientcg.com/get?file=Rocks024S_1K-JPG.zip,8386115
Rocks025,rock,Rocks,https://ambientcg.com/get?file=Rocks025_1K-JPG.zip,9037823
RoofingTiles001,roofing_tiles,Roofing Tiles,https://ambientcg.com/get?file=RoofingTiles001_1K-JPG.zip,7593462
RoofingTiles002,roofing_tiles,Roofing Tiles,https://ambientcg.com/get?file=RoofingTiles002_1K-JPG.zip,7532392
RoofingTiles003,roofing_tiles,Roofing Tiles,https://ambientcg.com/get?file=RoofingTiles003_1K-JPG.zip,7675939
RoofingTiles004,roofing_tiles,Roofing Tiles,https://ambientcg.com/get?file=RoofingTiles004_1K-JPG.zip,7503210
RoofingTiles005,roofing_tiles,Roofing Tiles,https://ambientcg.com/get?file=RoofingTiles005_1K-JPG.zip,7922739
RoofingTiles006,roofing_tiles,Roofing Tiles,https://ambientcg.com/get?file=RoofingTiles006_1K-JPG.zip,6660039
RoofingTiles007,roofing_tiles,Roofing Tiles,https://ambientcg.com/get?file=RoofingTiles007_1K-JPG.zip,7024086
RoofingTiles008,roofing_tiles,Roofing Tiles,https://ambientcg.com/get?file=RoofingTiles008_1K-JPG.zip,7797539
RoofingTiles009,roofing_tiles,Roofing Tiles,https://ambientcg.com/get?file=RoofingTiles009_1K-JPG.zip,6995466
RoofingTiles010,roofing_tiles,Roofing Tiles,https://ambientcg.com/get?file=RoofingTiles010_1K-JPG.zip,7151454
RoofingTiles011A,roofing_tiles,Roofing Tiles,https://ambientcg.com/get?file=RoofingTiles011A_1K-JPG.zip,4581707
RoofingTiles011B,roofing_tiles,Roofing Tiles,https://ambientcg.com/get?file=RoofingTiles011B_1K-JPG.zip,6453195
RoofingTiles011C,roofing_tiles,Roofing Tiles,https://ambientcg.com/get?file=RoofingTiles011C_1K-JPG.zip,8244155
RoofingTiles012A,roofing_tiles,Roofing Tiles,https://ambientcg.com/get?file=RoofingTiles012A_1K-JPG.zip,4757375
RoofingTiles012B,roofing_tiles,Roofing Tiles,https://ambientcg.com/get?file=RoofingTiles012B_1K-JPG.zip,6558360
RoofingTiles012C,roofing_tiles,Roofing Tiles,https://ambientcg.com/get?file=RoofingTiles012C_1K-JPG.zip,7733164
RoofingTiles013A,roofing_tiles,Roofing Tiles,https://ambientcg.com/get?file=RoofingTiles013A_1K-JPG.zip,4347855
RoofingTiles013B,roofing_tiles,Roofing Tiles,https://ambientcg.com/get?file=RoofingTiles013B_1K-JPG.zip,6166979
RoofingTiles013C,roofing_tiles,Roofing Tiles,https://ambientcg.com/get?file=RoofingTiles013C_1K-JPG.zip,7153940
RoofingTiles013D,roofing_tiles,Roofing Tiles,https://ambientcg.com/get?file=RoofingTiles013D_1K-JPG.zip,8467067
RoofingTiles014A,roofing_tiles,Roofing Tiles,https://ambientcg.com/get?file=RoofingTiles014A_1K-JPG.zip,5001373
RoofingTiles014B,roofing_tiles,Roofing Tiles,https://ambientcg.com/get?file=RoofingTiles014B_1K-JPG.zip,6481693
RoofingTiles014C,roofing_tiles,Roofing Tiles,https://ambientcg.com/get?file=RoofingTiles014C_1K-JPG.zip,7882077
RoofingTiles014D,roofing_tiles,Roofing Tiles,https://ambientcg.com/get?file=RoofingTiles014D_1K-JPG.zip,8904186
RoofingTiles015A,roofing_tiles,Roofing Tiles,https://ambientcg.com/get?file=RoofingTiles015A_1K-JPG.zip,4222671
RoofingTiles015B,roofing_tiles,Roofing Tiles,https://ambientcg.com/get?file=RoofingTiles015B_1K-JPG.zip,5535220
RoofingTiles015C,roofing_tiles,Roofing Tiles,https://ambientcg.com/get?file=RoofingTiles015C_1K-JPG.zip,6648309
Snow001,snow,Snow,https://ambientcg.com/get?file=Snow001_1K-JPG.zip,6167393
Snow002,snow,Snow,https://ambientcg.com/get?file=Snow002_1K-JPG.zip,5839226
Snow003,snow,Snow,https://ambientcg.com/get?file=Snow003_1K-JPG.zip,6272742
Snow004,snow,Snow,https://ambientcg.com/get?file=Snow004_1K-JPG.zip,6369066
Snow005,snow,Snow,https://ambientcg.com/get?file=Snow005_1K-JPG.zip,7239557
Snow006,snow,Snow,https://ambientcg.com/get?file=Snow006_1K-JPG.zip,7620054
Snow007A,snow,Snow,https://ambientcg.com/get?file=Snow007A_1K-JPG.zip,6412762
Snow007B,snow,Snow,https://ambientcg.com/get?file=Snow007B_1K-JPG.zip,6914984
Snow007C,snow,Snow,https://ambientcg.com/get?file=Snow007C_1K-JPG.zip,7547934
Snow008A,snow,Snow,https://ambientcg.com/get?file=Snow008A_1K-JPG.zip,6607230
Snow008B,snow,Snow,https://ambientcg.com/get?file=Snow008B_1K-JPG.zip,6952581
Snow008C,snow,Snow,https://ambientcg.com/get?file=Snow008C_1K-JPG.zip,7687978
Snow009A,snow,Snow,https://ambientcg.com/get?file=Snow009A_1K-JPG.zip,6589888
Snow009B,snow,Snow,https://ambientcg.com/get?file=Snow009B_1K-JPG.zip,7022566
Snow009C,snow,Snow,https://ambientcg.com/get?file=Snow009C_1K-JPG.zip,7581162
Snow010A,snow,Snow,https://ambientcg.com/get?file=Snow010A_1K-JPG.zip,6581401
Snow010B,snow,Snow,https://ambientcg.com/get?file=Snow010B_1K-JPG.zip,7102706
Snow010C,snow,Snow,https://ambientcg.com/get?file=Snow010C_1K-JPG.zip,7366391
Snow011,snow,Snow,https://ambientcg.com/get?file=Snow011_1K-JPG.zip,8693751
Snow012,snow,Snow,https://ambientcg.com/get?file=Snow012_1K-JPG.zip,8901067
Snow013,snow,Snow,https://ambientcg.com/get?file=Snow013_1K-JPG.zip,8117934
Snow014,snow,Snow,https://ambientcg.com/get?file=Snow014_1K-JPG.zip,7108779
Snow015,snow,Snow,https://ambientcg.com/get?file=Snow015_1K-JPG.zip,9787035
Terrazzo001,terrazzo,Terrazzo,https://ambientcg.com/get?file=Terrazzo001_1K-JPG.zip,6845495
Terrazzo002,terrazzo,Terrazzo,https://ambientcg.com/get?file=Terrazzo002_1K-JPG.zip,6722747
Terrazzo003,terrazzo,Terrazzo,https://ambientcg.com/get?file=Terrazzo003_1K-JPG.zip,6612307
Terrazzo004,terrazzo,Terrazzo,https://ambientcg.com/get?file=Terrazzo004_1K-JPG.zip,6719878
Terrazzo005,terrazzo,Terrazzo,https://ambientcg.com/get?file=Terrazzo005_1K-JPG.zip,6956162
Terrazzo006,terrazzo,Terrazzo,https://ambientcg.com/get?file=Terrazzo006_1K-JPG.zip,6644540
Terrazzo007,terrazzo,Terrazzo,https://ambientcg.com/get?file=Terrazzo007_1K-JPG.zip,6959489
Terrazzo008,terrazzo,Terrazzo,https://ambientcg.com/get?file=Terrazzo008_1K-JPG.zip,6662174
Terrazzo009,terrazzo,Terrazzo,https://ambientcg.com/get?file=Terrazzo009_1K-JPG.zip,4992703
Terrazzo010,terrazzo,Terrazzo,https://ambientcg.com/get?file=Terrazzo010_1K-JPG.zip,5637029
Terrazzo011,terrazzo,Terrazzo,https://ambientcg.com/get?file=Terrazzo011_1K-JPG.zip,4848254
Terrazzo012,terrazzo,Terrazzo,https://ambientcg.com/get?file=Terrazzo012_1K-JPG.zip,5149276
Terrazzo013,terrazzo,Terrazzo,https://ambientcg.com/get?file=Terrazzo013_1K-JPG.zip,5022480
Terrazzo014,terrazzo,Terrazzo,https://ambientcg.com/get?file=Terrazzo014_1K-JPG.zip,5285535
Terrazzo015,terrazzo,Terrazzo,https://ambientcg.com/get?file=Terrazzo015_1K-JPG.zip,5543804
Terrazzo016,terrazzo,Terrazzo,https://ambientcg.com/get?file=Terrazzo016_1K-JPG.zip,5834601
Terrazzo017,terrazzo,Terrazzo,https://ambientcg.com/get?file=Terrazzo017_1K-JPG.zip,5606319
Terrazzo018,terrazzo,Terrazzo,https://ambientcg.com/get?file=Terrazzo018_1K-JPG.zip,5552768
Terrazzo019L,terrazzo,Terrazzo,https://ambientcg.com/get?file=Terrazzo019L_1K-JPG.zip,5215562
Terrazzo019M,terrazzo,Terrazzo,https://ambientcg.com/get?file=Terrazzo019M_1K-JPG.zip,5145918
Terrazzo019S,terrazzo,Terrazzo,https://ambientcg.com/get?file=Terrazzo019S_1K-JPG.zip,5071544
Tiles001,tiles,Tiles,https://ambientcg.com/get?file=Tiles001_1K-JPG.zip,7114340
Tiles002,tiles,Tiles,https://ambientcg.com/get?file=Tiles002_1K-JPG.zip,2080395
Tiles003,tiles,Tiles,https://ambientcg.com/get?file=Tiles003_1K-JPG.zip,4894809
Tiles004,tiles,Tiles,https://ambientcg.com/get?file=Tiles004_1K-JPG.zip,4848604
Tiles005,tiles,Tiles,https://ambientcg.com/get?file=Tiles005_1K-JPG.zip,4892733
Tiles006,tiles,Tiles,https://ambientcg.com/get?file=Tiles006_1K-JPG.zip,5726087
Tiles007,tiles,Tiles,https://ambientcg.com/get?file=Tiles007_1K-JPG.zip,7159805
Tiles008,tiles,Tiles,https://ambientcg.com/get?file=Tiles008_1K-JPG.zip,3950977
Tiles009,tiles,Tiles,https://ambientcg.com/get?file=Tiles009_1K-JPG.zip,4254210
Tiles010,tiles,Tiles,https://ambientcg.com/get?file=Tiles010_1K-JPG.zip,4331091
Tiles011,tiles,Tiles,https://ambientcg.com/get?file=Tiles011_1K-JPG.zip,4737330
Tiles012,tiles,Tiles,https://ambientcg.com/get?file=Tiles012_1K-JPG.zip,4757223
Tiles013,tiles,Tiles,https://ambientcg.com/get?file=Tiles013_1K-JPG.zip,5224030
Tiles014,tiles,Tiles,https://ambientcg.com/get?file=Tiles014_1K-JPG.zip,4687503
Tiles015,tiles,Tiles,https://ambientcg.com/get?file=Tiles015_1K-JPG.zip,4659136
Tiles016,tiles,Tiles,https://ambientcg.com/get?file=Tiles016_1K-JPG.zip,5316538
Tiles017,tiles,Tiles,https://ambientcg.com/get?file=Tiles017_1K-JPG.zip,6324806
Tiles018,tiles,Tiles,https://ambientcg.com/get?file=Tiles018_1K-JPG.zip,6728710
Tiles019,tiles,Tiles,https://ambientcg.com/get?file=Tiles019_1K-JPG.zip,8375729
Tiles020,tiles,Tiles,https://ambientcg.com/get?file=Tiles020_1K-JPG.zip,5027837
Tiles021,tiles,Tiles,https://ambientcg.com/get?file=Tiles021_1K-JPG.zip,4805218
Tiles022,tiles,Tiles,https://ambientcg.com/get?file=Tiles022_1K-JPG.zip,5821489
Tiles023,tiles,Tiles,https://ambientcg.com/get?file=Tiles023_1K-JPG.zip,4344623
Tiles024,tiles,Tiles,https://ambientcg.com/get?file=Tiles024_1K-JPG.zip,6853206
Tiles025,tiles,Tiles,https://ambientcg.com/get?file=Tiles025_1K-JPG.zip,4515096
Tiles026,tiles,Tiles,https://ambientcg.com/get?file=Tiles026_1K-JPG.zip,8421962
Tiles027,tiles,Tiles,https://ambientcg.com/get?file=Tiles027_1K-JPG.zip,7445532
Tiles028,tiles,Tiles,https://ambientcg.com/get?file=Tiles028_1K-JPG.zip,7938660
Tiles029,tiles,Tiles,https://ambientcg.com/get?file=Tiles029_1K-JPG.zip,3996615
Tiles030,tiles,Tiles,https://ambientcg.com/get?file=Tiles030_1K-JPG.zip,4408987
Tiles031,tiles,Tiles,https://ambientcg.com/get?file=Tiles031_1K-JPG.zip,4137926
Tiles032,tiles,Tiles,https://ambientcg.com/get?file=Tiles032_1K-JPG.zip,3657213
Tiles033,tiles,Tiles,https://ambientcg.com/get?file=Tiles033_1K-JPG.zip,3448724
Tiles034,tiles,Tiles,https://ambientcg.com/get?file=Tiles034_1K-JPG.zip,3658168
Tiles035,tiles,Tiles,https://ambientcg.com/get?file=Tiles035_1K-JPG.zip,5355869
Tiles036,tiles,Tiles,https://ambientcg.com/get?file=Tiles036_1K-JPG.zip,4420561
Tiles037,tiles,Tiles,https://ambientcg.com/get?file=Tiles037_1K-JPG.zip,4702041
Tiles038,tiles,Tiles,https://ambientcg.com/get?file=Tiles038_1K-JPG.zip,4863482
Tiles039,tiles,Tiles,https://ambientcg.com/get?file=Tiles039_1K-JPG.zip,7972815
Tiles040,tiles,Tiles,https://ambientcg.com/get?file=Tiles040_1K-JPG.zip,6471461
Tiles041,tiles,Tiles,https://ambientcg.com/get?file=Tiles041_1K-JPG.zip,7367998
Tiles042,tiles,Tiles,https://ambientcg.com/get?file=Tiles042_1K-JPG.zip,6997594
Tiles043,tiles,Tiles,https://ambientcg.com/get?file=Tiles043_1K-JPG.zip,6262527
Tiles044,tiles,Tiles,https://ambientcg.com/get?file=Tiles044_1K-JPG.zip,7277358
Tiles045,tiles,Tiles,https://ambientcg.com/get?file=Tiles045_1K-JPG.zip,6975562
Tiles046,tiles,Tiles,https://ambientcg.com/get?file=Tiles046_1K-JPG.zip,7077191
Tiles047,tiles,Tiles,https://ambientcg.com/get?file=Tiles047_1K-JPG.zip,7635753
Tiles048,tiles,Tiles,https://ambientcg.com/get?file=Tiles048_1K-JPG.zip,7363931
Tiles049,tiles,Tiles,https://ambientcg.com/get?file=Tiles049_1K-JPG.zip,7138174
Tiles050,tiles,Tiles,https://ambientcg.com/get?file=Tiles050_1K-JPG.zip,7194653
Tiles051,tiles,Tiles,https://ambientcg.com/get?file=Tiles051_1K-JPG.zip,6449258
Tiles052,tiles,Tiles,https://ambientcg.com/get?file=Tiles052_1K-JPG.zip,7105322
Tiles053,tiles,Tiles,https://ambientcg.com/get?file=Tiles053_1K-JPG.zip,8065941
Tiles054,tiles,Tiles,https://ambientcg.com/get?file=Tiles054_1K-JPG.zip,7091944
Tiles055,tiles,Tiles,https://ambientcg.com/get?file=Tiles055_1K-JPG.zip,6546981
Tiles056,tiles,Tiles,https://ambientcg.com/get?file=Tiles056_1K-JPG.zip,6065142
Tiles057,tiles,Tiles,https://ambientcg.com/get?file=Tiles057_1K-JPG.zip,6031173
Tiles058,tiles,Tiles,https://ambientcg.com/get?file=Tiles058_1K-JPG.zip,5921023
Tiles059,tiles,Tiles,https://ambientcg.com/get?file=Tiles059_1K-JPG.zip,5820925
Tiles060,tiles,Tiles,https://ambientcg.com/get?file=Tiles060_1K-JPG.zip,6618515
Tiles061,tiles,Tiles,https://ambientcg.com/get?file=Tiles061_1K-JPG.zip,5984406
Tiles062,tiles,Tiles,https://ambientcg.com/get?file=Tiles062_1K-JPG.zip,6063652
Tiles063,tiles,Tiles,https://ambientcg.com/get?file=Tiles063_1K-JPG.zip,8678718
Tiles064,tiles,Tiles,https://ambientcg.com/get?file=Tiles064_1K-JPG.zip,8508387
Tiles065,tiles,Tiles,https://ambientcg.com/get?file=Tiles065_1K-JPG.zip,8613132
Tiles066,tiles,Tiles,https://ambientcg.com/get?file=Tiles066_1K-JPG.zip,8632724
Tiles067,tiles,Tiles,https://ambientcg.com/get?file=Tiles067_1K-JPG.zip,7789649
Tiles068,tiles,Tiles,https://ambientcg.com/get?file=Tiles068_1K-JPG.zip,8440249
Tiles069,tiles,Tiles,https://ambientcg.com/get?file=Tiles069_1K-JPG.zip,8029591
Tiles070,tiles,Tiles,https://ambientcg.com/get?file=Tiles070_1K-JPG.zip,8875131
Tiles071,tiles,Tiles,https://ambientcg.com/get?file=Tiles071_1K-JPG.zip,7147859
Tiles072,tiles,Tiles,https://ambientcg.com/get?file=Tiles072_1K-JPG.zip,7513898
Tiles073,tiles,Tiles,https://ambientcg.com/get?file=Tiles073_1K-JPG.zip,6465378
Tiles074,tiles,Tiles,https://ambientcg.com/get?file=Tiles074_1K-JPG.zip,3706371
Tiles075,tiles,Tiles,https://ambientcg.com/get?file=Tiles075_1K-JPG.zip,3729618
Tiles076,tiles,Tiles,https://ambientcg.com/get?file=Tiles076_1K-JPG.zip,4660885
Tiles077,tiles,Tiles,https://ambientcg.com/get?file=Tiles077_1K-JPG.zip,4205422
Tiles078,tiles,Tiles,https://ambientcg.com/get?file=Tiles078_1K-JPG.zip,4189392
Tiles079,tiles,Tiles,https://ambientcg.com/get?file=Tiles079_1K-JPG.zip,4098808
Tiles080,tiles,Tiles,https://ambientcg.com/get?file=Tiles080_1K-JPG.zip,4405804
Tiles081,tiles,Tiles,https://ambientcg.com/get?file=Tiles081_1K-JPG.zip,4409091
Tiles082,tiles,Tiles,https://ambientcg.com/get?file=Tiles082_1K-JPG.zip,3943773
Tiles083,tiles,Tiles,https://ambientcg.com/get?file=Tiles083_1K-JPG.zip,9372727
Tiles084,tiles,Tiles,https://ambientcg.com/get?file=Tiles084_1K-JPG.zip,7579551
Tiles085,tiles,Tiles,https://ambientcg.com/get?file=Tiles085_1K-JPG.zip,8243938
Tiles086,tiles,Tiles,https://ambientcg.com/get?file=Tiles086_1K-JPG.zip,9326967
Tiles087,tiles,Tiles,https://ambientcg.com/get?file=Tiles087_1K-JPG.zip,8291501
Tiles088,tiles,Tiles,https://ambientcg.com/get?file=Tiles088_1K-JPG.zip,9493449
Tiles089,tiles,Tiles,https://ambientcg.com/get?file=Tiles089_1K-JPG.zip,8028220
Tiles090,tiles,Tiles,https://ambientcg.com/get?file=Tiles090_1K-JPG.zip,8367648
Tiles091,tiles,Tiles,https://ambientcg.com/get?file=Tiles091_1K-JPG.zip,9139651
Tiles092,tiles,Tiles,https://ambientcg.com/get?file=Tiles092_1K-JPG.zip,9074097
Tiles093,tiles,Tiles,https://ambientcg.com/get?file=Tiles093_1K-JPG.zip,8574136
Tiles094,tiles,Tiles,https://ambientcg.com/get?file=Tiles094_1K-JPG.zip,9603754
Tiles095,tiles,Tiles,https://ambientcg.com/get?file=Tiles095_1K-JPG.zip,8843401
Tiles096,tiles,Tiles,https://ambientcg.com/get?file=Tiles096_1K-JPG.zip,9698785
Tiles097,tiles,Tiles,https://ambientcg.com/get?file=Tiles097_1K-JPG.zip,8852036
Tiles098,tiles,Tiles,https://ambientcg.com/get?file=Tiles098_1K-JPG.zip,8560673
Tiles099,tiles,Tiles,https://ambientcg.com/get?file=Tiles099_1K-JPG.zip,7829317
Tiles100,tiles,Tiles,https://ambientcg.com/get?file=Tiles100_1K-JPG.zip,6022332
Tiles101,tiles,Tiles,https://ambientcg.com/get?file=Tiles101_1K-JPG.zip,5942649
Tiles102,tiles,Tiles,https://ambientcg.com/get?file=Tiles102_1K-JPG.zip,6418770
Tiles103,tiles,Tiles,https://ambientcg.com/get?file=Tiles103_1K-JPG.zip,5891328
Tiles104,tiles,Tiles,https://ambientcg.com/get?file=Tiles104_1K-JPG.zip,4882698
Tiles105,tiles,Tiles,https://ambientcg.com/get?file=Tiles105_1K-JPG.zip,3224943
Tiles106,tiles,Tiles,https://ambientcg.com/get?file=Tiles106_1K-JPG.zip,3268271
Tiles107,tiles,Tiles,https://ambientcg.com/get?file=Tiles107_1K-JPG.zip,3200991
Tiles108,tiles,Tiles,https://ambientcg.com/get?file=Tiles108_1K-JPG.zip,3248238
Tiles109,tiles,Tiles,https://ambientcg.com/get?file=Tiles109_1K-JPG.zip,5477544
Tiles110,tiles,Tiles,https://ambientcg.com/get?file=Tiles110_1K-JPG.zip,5507696
Tiles111,tiles,Tiles,https://ambientcg.com/get?file=Tiles111_1K-JPG.zip,5800275
Tiles112,tiles,Tiles,https://ambientcg.com/get?file=Tiles112_1K-JPG.zip,5355317
Tiles113,tiles,Tiles,https://ambientcg.com/get?file=Tiles113_1K-JPG.zip,6058051
Tiles114,tiles,Tiles,https://ambientcg.com/get?file=Tiles114_1K-JPG.zip,5742677
Tiles115,tiles,Tiles,https://ambientcg.com/get?file=Tiles115_1K-JPG.zip,7671756
Tiles116,tiles,Tiles,https://ambientcg.com/get?file=Tiles116_1K-JPG.zip,7727960
Tiles117,tiles,Tiles,https://ambientcg.com/get?file=Tiles117_1K-JPG.zip,7617394
Tiles118,tiles,Tiles,https://ambientcg.com/get?file=Tiles118_1K-JPG.zip,6094371
Tiles119,tiles,Tiles,https://ambientcg.com/get?file=Tiles119_1K-JPG.zip,5865346
Tiles120,tiles,Tiles,https://ambientcg.com/get?file=Tiles120_1K-JPG.zip,5740388
Tiles121,tiles,Tiles,https://ambientcg.com/get?file=Tiles121_1K-JPG.zip,6104012
Tiles122,tiles,Tiles,https://ambientcg.com/get?file=Tiles122_1K-JPG.zip,5978228
Tiles123,tiles,Tiles,https://ambientcg.com/get?file=Tiles123_1K-JPG.zip,5883032
Tiles124,tiles,Tiles,https://ambientcg.com/get?file=Tiles124_1K-JPG.zip,5751767
Tiles125,tiles,Tiles,https://ambientcg.com/get?file=Tiles125_1K-JPG.zip,5742276
Tiles126,tiles,Tiles,https://ambientcg.com/get?file=Tiles126_1K-JPG.zip,5958753
Tiles127,tiles,Tiles,https://ambientcg.com/get?file=Tiles127_1K-JPG.zip,6027540
Tiles128A,tiles,Tiles,https://ambientcg.com/get?file=Tiles128A_1K-JPG.zip,5093418
Tiles128B,tiles,Tiles,https://ambientcg.com/get?file=Tiles128B_1K-JPG.zip,5626061
Tiles129A,tiles,Tiles,https://ambientcg.com/get?file=Tiles129A_1K-JPG.zip,5846162
Tiles129B,tiles,Tiles,https://ambientcg.com/get?file=Tiles129B_1K-JPG.zip,5540693
Tiles130,tiles,Tiles,https://ambientcg.com/get?file=Tiles130_1K-JPG.zip,4435000
Tiles131,tiles,Tiles,https://ambientcg.com/get?file=Tiles131_1K-JPG.zip,9569683
Tiles132A,tiles,Tiles,https://ambientcg.com/get?file=Tiles132A_1K-JPG.zip,5331847
Tiles132B,tiles,Tiles,https://ambientcg.com/get?file=Tiles132B_1K-JPG.zip,5580155
Tiles132C,tiles,Tiles,https://ambientcg.com/get?file=Tiles132C_1K-JPG.zip,5752196
Tiles132D,tiles,Tiles,https://ambientcg.com/get?file=Tiles132D_1K-JPG.zip,6675938
Tiles133A,tiles,Tiles,https://ambientcg.com/get?file=Tiles133A_1K-JPG.zip,4806344
Tiles133B,tiles,Tiles,https://ambientcg.com/get?file=Tiles133B_1K-JPG.zip,5070458
Tiles133C,tiles,Tiles,https://ambientcg.com/get?file=Tiles133C_1K-JPG.zip,5423944
Tiles133D,tiles,Tiles,https://ambientcg.com/get?file=Tiles133D_1K-JPG.zip,5957099
Tiles134A,tiles,Tiles,https://ambientcg.com/get?file=Tiles134A_1K-JPG.zip,5212313
Tiles134B,tiles,Tiles,https://ambientcg.com/get?file=Tiles134B_1K-JPG.zip,5665176
Tiles134C,tiles,Tiles,https://ambientcg.com/get?file=Tiles134C_1K-JPG.zip,6285202
Tiles134D,tiles,Tiles,https://ambientcg.com/get?file=Tiles134D_1K-JPG.zip,7035297
Tiles135A,tiles,Tiles,https://ambientcg.com/get?file=Tiles135A_1K-JPG.zip,4648122
Tiles135B,tiles,Tiles,https://ambientcg.com/get?file=Tiles135B_1K-JPG.zip,5380183
Tiles135C,tiles,Tiles,https://ambientcg.com/get?file=Tiles135C_1K-JPG.zip,5927545
Tiles135D,tiles,Tiles,https://ambientcg.com/get?file=Tiles135D_1K-JPG.zip,7029680
Tiles136A,tiles,Tiles,https://ambientcg.com/get?file=Tiles136A_1K-JPG.zip,4600047
Tiles136B,tiles,Tiles,https://ambientcg.com/get?file=Tiles136B_1K-JPG.zip,4989008
Tiles136C,tiles,Tiles,https://ambientcg.com/get?file=Tiles136C_1K-JPG.zip,5795820
Tiles136D,tiles,Tiles,https://ambientcg.com/get?file=Tiles136D_1K-JPG.zip,7202549
Tiles137A,tiles,Tiles,https://ambientcg.com/get?file=Tiles137A_1K-JPG.zip,5531158
Tiles137B,tiles,Tiles,https://ambientcg.com/get?file=Tiles137B_1K-JPG.zip,5511618
Tiles137C,tiles,Tiles,https://ambientcg.com/get?file=Tiles137C_1K-JPG.zip,6136550
Tiles137D,tiles,Tiles,https://ambientcg.com/get?file=Tiles137D_1K-JPG.zip,7182927
Tiles138,tiles,Tiles,https://ambientcg.com/get?file=Tiles138_1K-JPG.zip,6112131
Tiles139,tiles,Tiles,https://ambientcg.com/get?file=Tiles139_1K-JPG.zip,4845239
Tiles140,tiles,Tiles,https://ambientcg.com/get?file=Tiles140_1K-JPG.zip,4882386
Tiles141,tiles,Tiles,https://ambientcg.com/get?file=Tiles141_1K-JPG.zip,4974199
Tiles142,tiles,Tiles,https://ambientcg.com/get?file=Tiles142_1K-JPG.zip,5084229
Tiles143,tiles,Tiles,https://ambientcg.com/get?file=Tiles143_1K-JPG.zip,5102319
Tiles144,tiles,Tiles,https://ambientcg.com/get?file=Tiles144_1K-JPG.zip,5058505
Wood001,wood,Wood,https://ambientcg.com/get?file=Wood001_1K-JPG.zip,7229633
Wood002,wood,Wood,https://ambientcg.com/get?file=Wood002_1K-JPG.zip,6472468
Wood003,wood,Wood,https://ambientcg.com/get?file=Wood003_1K-JPG.zip,6724857
Wood004,wood,Wood,https://ambientcg.com/get?file=Wood004_1K-JPG.zip,6822826
Wood005,wood,Wood,https://ambientcg.com/get?file=Wood005_1K-JPG.zip,5964984
Wood006,wood,Wood,https://ambientcg.com/get?file=Wood006_1K-JPG.zip,5611312
Wood007,wood,Wood,https://ambientcg.com/get?file=Wood007_1K-JPG.zip,5628804
Wood008,wood,Wood,https://ambientcg.com/get?file=Wood008_1K-JPG.zip,5850941
Wood009,wood,Wood,https://ambientcg.com/get?file=Wood009_1K-JPG.zip,6144881
Wood010,wood,Wood,https://ambientcg.com/get?file=Wood010_1K-JPG.zip,6159667
Wood011,wood,Wood,https://ambientcg.com/get?file=Wood011_1K-JPG.zip,4651511
Wood012,wood,Wood,https://ambientcg.com/get?file=Wood012_1K-JPG.zip,4907479
Wood013,wood,Wood,https://ambientcg.com/get?file=Wood013_1K-JPG.zip,5423814
Wood014,wood,Wood,https://ambientcg.com/get?file=Wood014_1K-JPG.zip,5492968
Wood015,wood,Wood,https://ambientcg.com/get?file=Wood015_1K-JPG.zip,5287159
Wood016,wood,Wood,https://ambientcg.com/get?file=Wood016_1K-JPG.zip,5572747
Wood017,wood,Wood,https://ambientcg.com/get?file=Wood017_1K-JPG.zip,5205610
Wood018,wood,Wood,https://ambientcg.com/get?file=Wood018_1K-JPG.zip,4812524
Wood019,wood,Wood,https://ambientcg.com/get?file=Wood019_1K-JPG.zip,4876903
Wood020,wood,Wood,https://ambientcg.com/get?file=Wood020_1K-JPG.zip,5746585
Wood021,wood,Wood,https://ambientcg.com/get?file=Wood021_1K-JPG.zip,6404630
Wood022,wood,Wood,https://ambientcg.com/get?file=Wood022_1K-JPG.zip,6695986
Wood023,wood,Wood,https://ambientcg.com/get?file=Wood023_1K-JPG.zip,6321171
Wood024,wood,Wood,https://ambientcg.com/get?file=Wood024_1K-JPG.zip,6610230
Wood025,wood,Wood,https://ambientcg.com/get?file=Wood025_1K-JPG.zip,6567692
Wood026,wood,Wood,https://ambientcg.com/get?file=Wood026_1K-JPG.zip,6557775
Wood027,wood,Wood,https://ambientcg.com/get?file=Wood027_1K-JPG.zip,6553649
Wood028,wood,Wood,https://ambientcg.com/get?file=Wood028_1K-JPG.zip,6329444
Wood029,wood,Wood,https://ambientcg.com/get?file=Wood029_1K-JPG.zip,6571291
Wood030,wood,Wood,https://ambientcg.com/get?file=Wood030_1K-JPG.zip,6791784
Wood031,wood,Wood,https://ambientcg.com/get?file=Wood031_1K-JPG.zip,6647060
Wood032,wood,Wood,https://ambientcg.com/get?file=Wood032_1K-JPG.zip,6614683
Wood033,wood,Wood,https://ambientcg.com/get?file=Wood033_1K-JPG.zip,7116585
Wood034,wood,Wood,https://ambientcg.com/get?file=Wood034_1K-JPG.zip,3875791
Wood035,wood,Wood,https://ambientcg.com/get?file=Wood035_1K-JPG.zip,7940480
Wood036,wood,Wood,https://ambientcg.com/get?file=Wood036_1K-JPG.zip,7510904
Wood037,wood,Wood,https://ambientcg.com/get?file=Wood037_1K-JPG.zip,7326402
Wood038,wood,Wood,https://ambientcg.com/get?file=Wood038_1K-JPG.zip,7769241
Wood039,wood,Wood,https://ambientcg.com/get?file=Wood039_1K-JPG.zip,7710025
Wood040,wood,Wood,https://ambientcg.com/get?file=Wood040_1K-JPG.zip,7982459
Wood041,wood,Wood,https://ambientcg.com/get?file=Wood041_1K-JPG.zip,5952807
Wood042,wood,Wood,https://ambientcg.com/get?file=Wood042_1K-JPG.zip,5450297
Wood043,wood,Wood,https://ambientcg.com/get?file=Wood043_1K-JPG.zip,5570676
Wood044,wood,Wood,https://ambientcg.com/get?file=Wood044_1K-JPG.zip,5582053
Wood045,wood,Wood,https://ambientcg.com/get?file=Wood045_1K-JPG.zip,5681724
Wood046,wood,Wood,https://ambientcg.com/get?file=Wood046_1K-JPG.zip,6026987
Wood047,wood,Wood,https://ambientcg.com/get?file=Wood047_1K-JPG.zip,4529752
Wood048,wood,Wood,https://ambientcg.com/get?file=Wood048_1K-JPG.zip,7042735
Wood049,wood,Wood,https://ambientcg.com/get?file=Wood049_1K-JPG.zip,6784006
Wood050,wood,Wood,https://ambientcg.com/get?file=Wood050_1K-JPG.zip,7150602
Wood051,wood,Wood,https://ambientcg.com/get?file=Wood051_1K-JPG.zip,6712631
Wood052,wood,Wood,https://ambientcg.com/get?file=Wood052_1K-JPG.zip,7207866
Wood053,wood,Wood,https://ambientcg.com/get?file=Wood053_1K-JPG.zip,7294126
Wood054,wood,Wood,https://ambientcg.com/get?file=Wood054_1K-JPG.zip,7360749
Wood055,wood,Wood,https://ambientcg.com/get?file=Wood055_1K-JPG.zip,8413099
Wood056,wood,Wood,https://ambientcg.com/get?file=Wood056_1K-JPG.zip,7439723
Wood057,wood,Wood,https://ambientcg.com/get?file=Wood057_1K-JPG.zip,8021405
Wood058,wood,Wood,https://ambientcg.com/get?file=Wood058_1K-JPG.zip,7522948
Wood059,wood,Wood,https://ambientcg.com/get?file=Wood059_1K-JPG.zip,10271911
Wood060,wood,Wood,https://ambientcg.com/get?file=Wood060_1K-JPG.zip,10621993
Wood061,wood,Wood,https://ambientcg.com/get?file=Wood061_1K-JPG.zip,10688989
Wood062,wood,Wood,https://ambientcg.com/get?file=Wood062_1K-JPG.zip,10381528
Wood063,wood,Wood,https://ambientcg.com/get?file=Wood063_1K-JPG.zip,10667199
Wood064,wood,Wood,https://ambientcg.com/get?file=Wood064_1K-JPG.zip,10181305
Wood065,wood,Wood,https://ambientcg.com/get?file=Wood065_1K-JPG.zip,10198040
Wood066,wood,Wood,https://ambientcg.com/get?file=Wood066_1K-JPG.zip,6056967
Wood067,wood,Wood,https://ambientcg.com/get?file=Wood067_1K-JPG.zip,5723285
Wood068,wood,Wood,https://ambientcg.com/get?file=Wood068_1K-JPG.zip,5912041
Wood069,wood,Wood,https://ambientcg.com/get?file=Wood069_1K-JPG.zip,5837079
Wood070,wood,Wood,https://ambientcg.com/get?file=Wood070_1K-JPG.zip,4879477
Wood071,wood,Wood,https://ambientcg.com/get?file=Wood071_1K-JPG.zip,4854284
Wood072,wood,Wood,https://ambientcg.com/get?file=Wood072_1K-JPG.zip,4855421
Wood073,wood,Wood,https://ambientcg.com/get?file=Wood073_1K-JPG.zip,8559661
Wood074,wood,Wood,https://ambientcg.com/get?file=Wood074_1K-JPG.zip,8436144
Wood075,wood,Wood,https://ambientcg.com/get?file=Wood075_1K-JPG.zip,8555032
Wood076,wood,Wood,https://ambientcg.com/get?file=Wood076_1K-JPG.zip,8736004
Wood077,wood,Wood,https://ambientcg.com/get?file=Wood077_1K-JPG.zip,8847366
Wood078,wood,Wood,https://ambientcg.com/get?file=Wood078_1K-JPG.zip,8779069
Wood079,wood,Wood,https://ambientcg.com/get?file=Wood079_1K-JPG.zip,8779782
Wood080,wood,Wood,https://ambientcg.com/get?file=Wood080_1K-JPG.zip,7201090
Wood081,wood,Wood,https://ambientcg.com/get?file=Wood081_1K-JPG.zip,5652265
Wood082A,wood,Wood,https://ambientcg.com/get?file=Wood082A_1K-JPG.zip,5982739
Wood082B,wood,Wood,https://ambientcg.com/get?file=Wood082B_1K-JPG.zip,6077796
Wood083A,wood,Wood,https://ambientcg.com/get?file=Wood083A_1K-JPG.zip,6028562
Wood083B,wood,Wood,https://ambientcg.com/get?file=Wood083B_1K-JPG.zip,6132327
Wood084A,wood,Wood,https://ambientcg.com/get?file=Wood084A_1K-JPG.zip,6009326
Wood084B,wood,Wood,https://ambientcg.com/get?file=Wood084B_1K-JPG.zip,6041933
Wood085A,wood,Wood,https://ambientcg.com/get?file=Wood085A_1K-JPG.zip,6027991
Wood085B,wood,Wood,https://ambientcg.com/get?file=Wood085B_1K-JPG.zip,6061153
Wood086,wood,Wood,https://ambientcg.com/get?file=Wood086_1K-JPG.zip,9291789
Wood087,wood,Wood,https://ambientcg.com/get?file=Wood087_1K-JPG.zip,7610131
Wood088,wood,Wood,https://ambientcg.com/get?file=Wood088_1K-JPG.zip,7561154
Wood089,wood,Wood,https://ambientcg.com/get?file=Wood089_1K-JPG.zip,7546349
Wood090A,wood,Wood,https://ambientcg.com/get?file=Wood090A_1K-JPG.zip,4606245
Wood090B,wood,Wood,https://ambientcg.com/get?file=Wood090B_1K-JPG.zip,4436032
Wood091A,wood,Wood,https://ambientcg.com/get?file=Wood091A_1K-JPG.zip,4768281
Wood091B,wood,Wood,https://ambientcg.com/get?file=Wood091B_1K-JPG.zip,4394555
Wood092,wood,Wood,https://ambientcg.com/get?file=Wood092_1K-JPG.zip,5165143
Wood093,wood,Wood,https://ambientcg.com/get?file=Wood093_1K-JPG.zip,3090993
Wood094,wood,Wood,https://ambientcg.com/get?file=Wood094_1K-JPG.zip,4166756
Wood095,wood,Wood,https://ambientcg.com/get?file=Wood095_1K-JPG.zip,3882297
Wood096,wood,Wood,https://ambientcg.com/get?file=Wood096_1K-JPG.zip,5358165
WoodFloor001,wood_floor,Wood Floor,https://ambientcg.com/get?file=WoodFloor001_1K-JPG.zip,5292448
WoodFloor002,wood_floor,Wood Floor,https://ambientcg.com/get?file=WoodFloor002_1K-JPG.zip,4987591
WoodFloor003,wood_floor,Wood Floor,https://ambientcg.com/get?file=WoodFloor003_1K-JPG.zip,8418840
WoodFloor004,wood_floor,Wood Floor,https://ambientcg.com/get?file=WoodFloor004_1K-JPG.zip,6118569
WoodFloor005,wood_floor,Wood Floor,https://ambientcg.com/get?file=WoodFloor005_1K-JPG.zip,5984653
WoodFloor006,wood_floor,Wood Floor,https://ambientcg.com/get?file=WoodFloor006_1K-JPG.zip,6169152
WoodFloor007,wood_floor,Wood Floor,https://ambientcg.com/get?file=WoodFloor007_1K-JPG.zip,6634171
WoodFloor008,wood_floor,Wood Floor,https://ambientcg.com/get?file=WoodFloor008_1K-JPG.zip,6374445
WoodFloor009,wood_floor,Wood Floor,https://ambientcg.com/get?file=WoodFloor009_1K-JPG.zip,7156316
WoodFloor010,wood_floor,Wood Floor,https://ambientcg.com/get?file=WoodFloor010_1K-JPG.zip,6773072
WoodFloor011,wood_floor,Wood Floor,https://ambientcg.com/get?file=WoodFloor011_1K-JPG.zip,6136174
WoodFloor012,wood_floor,Wood Floor,https://ambientcg.com/get?file=WoodFloor012_1K-JPG.zip,6757315
WoodFloor013,wood_floor,Wood Floor,https://ambientcg.com/get?file=WoodFloor013_1K-JPG.zip,6192166
WoodFloor014,wood_floor,Wood Floor,https://ambientcg.com/get?file=WoodFloor014_1K-JPG.zip,6075461
WoodFloor015,wood_floor,Wood Floor,https://ambientcg.com/get?file=WoodFloor015_1K-JPG.zip,6421140
WoodFloor016,wood_floor,Wood Floor,https://ambientcg.com/get?file=WoodFloor016_1K-JPG.zip,5897061
WoodFloor017,wood_floor,Wood Floor,https://ambientcg.com/get?file=WoodFloor017_1K-JPG.zip,5802207
WoodFloor018,wood_floor,Wood Floor,https://ambientcg.com/get?file=WoodFloor018_1K-JPG.zip,5625561
WoodFloor019,wood_floor,Wood Floor,https://ambientcg.com/get?file=WoodFloor019_1K-JPG.zip,5967965
WoodFloor020,wood_floor,Wood Floor,https://ambientcg.com/get?file=WoodFloor020_1K-JPG.zip,5092155
WoodFloor021,wood_floor,Wood Floor,https://ambientcg.com/get?file=WoodFloor021_1K-JPG.zip,5340943
WoodFloor022,wood_floor,Wood Floor,https://ambientcg.com/get?file=WoodFloor022_1K-JPG.zip,5494855
WoodFloor023,wood_floor,Wood Floor,https://ambientcg.com/get?file=WoodFloor023_1K-JPG.zip,5550241
WoodFloor024,wood_floor,Wood Floor,https://ambientcg.com/get?file=WoodFloor024_1K-JPG.zip,5403996
WoodFloor025,wood_floor,Wood Floor,https://ambientcg.com/get?file=WoodFloor025_1K-JPG.zip,5296040
WoodFloor026,wood_floor,Wood Floor,https://ambientcg.com/get?file=WoodFloor026_1K-JPG.zip,5583296
WoodFloor027,wood_floor,Wood Floor,https://ambientcg.com/get?file=WoodFloor027_1K-JPG.zip,5693807
WoodFloor028,wood_floor,Wood Floor,https://ambientcg.com/get?file=WoodFloor028_1K-JPG.zip,5637031
WoodFloor029,wood_floor,Wood Floor,https://ambientcg.com/get?file=WoodFloor029_1K-JPG.zip,5431798
WoodFloor030,wood_floor,Wood Floor,https://ambientcg.com/get?file=WoodFloor030_1K-JPG.zip,4972910
WoodFloor031,wood_floor,Wood Floor,https://ambientcg.com/get?file=WoodFloor031_1K-JPG.zip,5012584
WoodFloor032,wood_floor,Wood Floor,https://ambientcg.com/get?file=WoodFloor032_1K-JPG.zip,5159803
WoodFloor033,wood_floor,Wood Floor,https://ambientcg.com/get?file=WoodFloor033_1K-JPG.zip,4819530
WoodFloor034,wood_floor,Wood Floor,https://ambientcg.com/get?file=WoodFloor034_1K-JPG.zip,6064439
WoodFloor035,wood_floor,Wood Floor,https://ambientcg.com/get?file=WoodFloor035_1K-JPG.zip,6510341
WoodFloor036,wood_floor,Wood Floor,https://ambientcg.com/get?file=WoodFloor036_1K-JPG.zip,5806436
WoodFloor037,wood_floor,Wood Floor,https://ambientcg.com/get?file=WoodFloor037_1K-JPG.zip,5984899
WoodFloor038,wood_floor,Wood Floor,https://ambientcg.com/get?file=WoodFloor038_1K-JPG.zip,5868434
WoodFloor039,wood_floor,Wood Floor,https://ambientcg.com/get?file=WoodFloor039_1K-JPG.zip,5710266
WoodFloor040,wood_floor,Wood Floor,https://ambientcg.com/get?file=WoodFloor040_1K-JPG.zip,5913872
WoodFloor041,wood_floor,Wood Floor,https://ambientcg.com/get?file=WoodFloor041_1K-JPG.zip,6395278
WoodFloor042,wood_floor,Wood Floor,https://ambientcg.com/get?file=WoodFloor042_1K-JPG.zip,3235928
WoodFloor043,wood_floor,Wood Floor,https://ambientcg.com/get?file=WoodFloor043_1K-JPG.zip,3438476
WoodFloor044,wood_floor,Wood Floor,https://ambientcg.com/get?file=WoodFloor044_1K-JPG.zip,3359467
WoodFloor045,wood_floor,Wood Floor,https://ambientcg.com/get?file=WoodFloor045_1K-JPG.zip,5011632
WoodFloor046,wood_floor,Wood Floor,https://ambientcg.com/get?file=WoodFloor046_1K-JPG.zip,5172631
WoodFloor047,wood_floor,Wood Floor,https://ambientcg.com/get?file=WoodFloor047_1K-JPG.zip,5072573
WoodFloor048,wood_floor,Wood Floor,https://ambientcg.com/get?file=WoodFloor048_1K-JPG.zip,4929344
WoodFloor049,wood_floor,Wood Floor,https://ambientcg.com/get?file=WoodFloor049_1K-JPG.zip,5031384
WoodFloor050,wood_floor,Wood Floor,https://ambientcg.com/get?file=WoodFloor050_1K-JPG.zip,5078947
WoodFloor051,wood_floor,Wood Floor,https://ambientcg.com/get?file=WoodFloor051_1K-JPG.zip,5104319
WoodFloor052,wood_floor,Wood Floor,https://ambientcg.com/get?file=WoodFloor052_1K-JPG.zip,6361935
WoodFloor053,wood_floor,Wood Floor,https://ambientcg.com/get?file=WoodFloor053_1K-JPG.zip,5475112
WoodFloor054,wood_floor,Wood Floor,https://ambientcg.com/get?file=WoodFloor054_1K-JPG.zip,5283689
WoodFloor055,wood_floor,Wood Floor,https://ambientcg.com/get?file=WoodFloor055_1K-JPG.zip,6101687
WoodFloor056,wood_floor,Wood Floor,https://ambientcg.com/get?file=WoodFloor056_1K-JPG.zip,5284399
WoodFloor057,wood_floor,Wood Floor,https://ambientcg.com/get?file=WoodFloor057_1K-JPG.zip,7191508
WoodFloor058,wood_floor,Wood Floor,https://ambientcg.com/get?file=WoodFloor058_1K-JPG.zip,5919769
WoodFloor059,wood_floor,Wood Floor,https://ambientcg.com/get?file=WoodFloor059_1K-JPG.zip,5913615
WoodFloor060,wood_floor,Wood Floor,https://ambientcg.com/get?file=WoodFloor060_1K-JPG.zip,6099501
WoodFloor061,wood_floor,Wood Floor,https://ambientcg.com/get?file=WoodFloor061_1K-JPG.zip,4442046
WoodFloor062,wood_floor,Wood Floor,https://ambientcg.com/get?file=WoodFloor062_1K-JPG.zip,4468788
WoodFloor063,wood_floor,Wood Floor,https://ambientcg.com/get?file=WoodFloor063_1K-JPG.zip,4405324
WoodFloor064,wood_floor,Wood Floor,https://ambientcg.com/get?file=WoodFloor064_1K-JPG.zip,4002335
WoodFloor065A,wood_floor,Wood Floor,https://ambientcg.com/get?file=WoodFloor065A_1K-JPG.zip,6468297
WoodFloor065B,wood_floor,Wood Floor,https://ambientcg.com/get?file=WoodFloor065B_1K-JPG.zip,6915059
WoodFloor066A,wood_floor,Wood Floor,https://ambientcg.com/get?file=WoodFloor066A_1K-JPG.zip,6397703
WoodFloor066B,wood_floor,Wood Floor,https://ambientcg.com/get?file=WoodFloor066B_1K-JPG.zip,7006054
WoodFloor067A,wood_floor,Wood Floor,https://ambientcg.com/get?file=WoodFloor067A_1K-JPG.zip,6490609
WoodFloor067B,wood_floor,Wood Floor,https://ambientcg.com/get?file=WoodFloor067B_1K-JPG.zip,7223484
WoodFloor068,wood_floor,Wood Floor,https://ambientcg.com/get?file=WoodFloor068_1K-JPG.zip,4323607
WoodFloor069,wood_floor,Wood Floor,https://ambientcg.com/get?file=WoodFloor069_1K-JPG.zip,4324706
WoodFloor070,wood_floor,Wood Floor,https://ambientcg.com/get?file=WoodFloor070_1K-JPG.zip,4349181
WoodFloor071,wood_floor,Wood Floor,https://ambientcg.com/get?file=WoodFloor071_1K-JPG.zip,4329043
